Rk;Player;Nation;Squad;Age;Born;MP;Starts;Min;90s;Gls;Ast;G+A;G-PK;PK;PKatt;CrdY;CrdR;Gls;Ast;G+A;G-PK;G+A-PK;Matches
1;Brenden Aaronson;us USA;Leeds United;24;2000;37;30;2,449;27.feb;4;5;9;4;0;0;3;0;0.15;0.18;0.33;0.15;0.33;Matches
2;Jerome Abbey;eng ENG;Wolves;15;2009;1;0;17;0.2;0;0;0;0;0;0;0;0;0.00;0.00;0.00;0.00;0.00;Matches
3;Zach Abbott;eng ENG;Nottingham Forest;19;2006;3;2;164;01.aug;0;0;0;0;0;0;0;0;0.00;0.00;0.00;0.00;0.00;Matches
4;Tammy Abraham;eng ENG;Aston Villa;27;1997;12;2;286;03.feb;2;0;2;2;0;0;0;0;0.63;0.00;0.63;0.63;0.63;Matches
5;Joshua Acheampong;eng ENG;Chelsea;19;2006;17;8;666;07.apr;1;0;1;1;0;0;1;0;0.14;0.00;0.14;0.14;0.14;Matches
6;Tyler Adams;us USA;Bournemouth;26;1999;25;21;1,773;19.jul;2;2;4;2;0;0;8;0;0.10;0.10;0.20;0.10;0.20;Matches
7;Tosin Adarabioyo;eng ENG;Chelsea;27;1997;16;8;795;08.aug;0;0;0;0;0;0;2;0;0.00;0.00;0.00;0.00;0.00;Matches
8;Simon Adingra;ci CIV;Sunderland;23;2002;14;9;653;07.mar;1;0;1;1;0;0;2;0;0.14;0.00;0.14;0.14;0.14;Matches
9;Amine Adli;ma MAR;Bournemouth;25;2000;31;10;1,093;12.jan;3;1;4;3;0;0;2;0;0.25;0.08;0.33;0.25;0.33;Matches
10;Emmanuel Agbadou;ci CIV;Wolves;28;1997;14;12;1,101;12.feb;0;0;0;0;0;0;1;1;0.00;0.00;0.00;0.00;0.00;Matches
11;Nayef Aguerd;ma MAR;West Ham United;29;1996;2;2;180;2.0;0;0;0;0;0;0;0;0;0.00;0.00;0.00;0.00;0.00;Matches
12;Ola Aina;ng NGA;Nottingham Forest;28;1996;18;18;1,588;17.jun;0;0;0;0;0;0;3;0;0.00;0.00;0.00;0.00;0.00;Matches
13;Rayan Aït-Nouri;dz ALG;Manchester City;24;2001;17;12;974;10.aug;0;2;2;0;0;0;2;0;0.00;0.18;0.18;0.00;0.18;Matches
14;Kristoffer Ajer;no NOR;Brentford;27;1998;27;20;1,81;20.jan;0;1;1;0;0;0;4;0;0.00;0.05;0.05;0.00;0.05;Matches
15;Nathan Aké;nl NED;Manchester City;30;1995;18;6;695;07.jul;0;0;0;0;0;0;1;0;0.00;0.00;0.00;0.00;0.00;Matches
16;Carlos Alcaraz;ar ARG;Everton;22;2002;20;6;689;07.jul;0;1;1;0;0;0;4;0;0.00;0.13;0.13;0.00;0.13;Matches
17;Omar Alderete;py PAR;Sunderland;28;1996;33;32;2,798;31.jan;1;1;2;1;0;0;6;0;0.03;0.03;0.06;0.03;0.06;Matches
18;Alisson;br BRA;Liverpool;32;1992;26;26;2,34;26.0;0;0;0;0;0;0;1;0;0.00;0.00;0.00;0.00;0.00;Matches
19;Max Alleyne;eng ENG;Manchester City;20;2005;2;2;135;01.mai;0;0;0;0;0;0;0;0;0.00;0.00;0.00;0.00;0.00;Matches
20;Jaydon Amauri Banel;nl NED;Burnley;20;2004;1;0;10;0.1;0;0;0;0;0;0;0;0;0.00;0.00;0.00;0.00;0.00;Matches
21;Zeki Amdouni;ch SUI;Burnley;24;2000;4;0;73;0.8;0;0;0;0;0;0;0;0;0.00;0.00;0.00;0.00;0.00;Matches
22;Ethan Ampadu;wls WAL;Leeds United;24;2000;35;35;3,119;34.7;1;1;2;1;0;0;10;0;0.03;0.03;0.06;0.03;0.06;Matches
23;Joachim Andersen;dk DEN;Fulham;29;1996;33;33;2,875;31.9;0;1;1;0;0;0;7;1;0.00;0.03;0.03;0.00;0.03;Matches
24;Elliot Anderson;eng ENG;Nottingham Forest;22;2002;38;37;3,331;37.0;4;4;8;3;1;1;8;0;0.11;0.11;0.22;0.08;0.19;Matches
25;André;br BRA;Wolves;24;2001;35;30;2,762;30.jul;1;0;1;1;0;0;12;0;0.03;0.00;0.03;0.03;0.03;Matches
Rk;Player;Nation;Squad;Age;Born;MP;Starts;Min;90s;Gls;Ast;G+A;G-PK;PK;PKatt;CrdY;CrdR;Gls;Ast;G+A;G-PK;G+A-PK;Matches
26;Nilson Angulo;ec ECU;Sunderland;22;2003;8;5;404;04.mai;0;0;0;0;0;0;1;0;0.00;0.00;0.00;0.00;0.00;Matches
27;Jaidon Anthony;eng ENG;Burnley;25;1999;37;32;2,722;30.2;8;2;10;8;0;0;4;0;0.26;0.07;0.33;0.26;0.33;Matches
28;Alphonse Areola;fr FRA;West Ham United;32;1993;20;20;1,8;20.0;0;1;1;0;0;0;0;0;0.00;0.05;0.05;0.00;0.05;Matches
29;Jhon Arias;co COL;Wolves;27;1997;23;14;1,124;12.mai;1;0;1;1;0;0;1;0;0.08;0.00;0.08;0.08;0.08;Matches
30;Adam Armstrong;eng ENG;Wolves;28;1997;14;14;1,14;12.jul;2;2;4;1;1;1;3;0;0.16;0.16;0.32;0.08;0.24;Matches
31;Harrison Armstrong;eng ENG;Everton;18;2007;13;6;529;05.sep;0;0;0;0;0;0;0;0;0.00;0.00;0.00;0.00;0.00;Matches
32;Tolu Arokodare;ng NGA;Wolves;24;2000;33;13;1,419;15.aug;3;1;4;3;0;1;1;0;0.19;0.06;0.25;0.19;0.25;Matches
33;Kepa Arrizabalaga;es ESP;Arsenal;30;1994;1;1;90;1.0;0;0;0;0;0;0;0;0;0.00;0.00;0.00;0.00;0.00;Matches
34;Taiwo Awoniyi;ng NGA;Nottingham Forest;27;1997;17;3;494;05.mai;4;1;5;4;0;0;2;0;0.73;0.18;0.91;0.73;0.91;Matches
35;Yasin Ayari;se SWE;Brighton;21;2003;29;20;1,929;21.apr;3;3;6;3;0;0;1;0;0.14;0.14;0.28;0.14;0.28;Matches
36;Benoît Badiashile;fr FRA;Chelsea;24;2001;8;6;471;05.feb;0;0;0;0;0;0;2;0;0.00;0.00;0.00;0.00;0.00;Matches
37;Leon Bailey;jm JAM;Aston Villa;27;1997;13;3;459;05.jan;0;1;1;0;0;0;1;0;0.00;0.20;0.20;0.00;0.20;Matches
38;Dilane Bakwa;fr FRA;Nottingham Forest;22;2002;14;6;553;06.jan;0;2;2;0;0;0;1;0;0.00;0.33;0.33;0.00;0.33;Matches
39;Carlos Baleba;cm CMR;Brighton;21;2004;31;23;1,652;18.apr;0;0;0;0;0;0;5;0;0.00;0.00;0.00;0.00;0.00;Matches
40;Daniel Ballard;nir NIR;Sunderland;25;1999;29;24;2,149;23.sep;2;0;2;2;0;0;4;1;0.08;0.00;0.08;0.08;0.08;Matches
41;Ross Barkley;eng ENG;Aston Villa;31;1993;21;7;857;09.mai;3;1;4;3;0;0;1;0;0.32;0.11;0.42;0.32;0.42;Matches
42;Ashley Barnes;eng ENG;Burnley;35;1989;7;0;47;0.5;0;0;0;0;0;0;2;0;0.00;0.00;0.00;0.00;0.00;Matches
43;Harvey Barnes;eng ENG;Newcastle United;27;1997;37;19;1,966;21.aug;7;1;8;7;0;0;1;0;0.32;0.05;0.37;0.32;0.37;Matches
44;Thierno Barry;fr FRA;Everton;22;2002;38;21;1,914;21.mar;8;0;8;8;0;0;3;0;0.38;0.00;0.38;0.38;0.38;Matches
45;Calvin Bassey;ng NGA;Fulham;25;1999;30;28;2,534;28.feb;1;0;1;1;0;0;5;0;0.04;0.00;0.04;0.04;0.04;Matches
46;Altay Bayındır;tr TUR;Manchester Utd;27;1998;6;6;540;6.0;0;0;0;0;0;0;0;0;0.00;0.00;0.00;0.00;0.00;Matches
47;Jean-Ricner Bellegarde;ht HAI;Wolves;27;1998;26;15;1,248;13.sep;1;1;2;1;0;0;5;0;0.07;0.07;0.14;0.07;0.14;Matches
48;Walter Benítez;ar ARG;Crystal Palace;32;1993;1;1;90;1.0;0;0;0;0;0;0;0;0;0.00;0.00;0.00;0.00;0.00;Matches
49;Rodrigo Bentancur;uy URU;Tottenham Hotspur;28;1997;26;23;1,883;20.sep;1;1;2;1;0;0;7;0;0.05;0.05;0.10;0.05;0.10;Matches
50;Daniel Bentley;eng ENG;Wolves;32;1993;3;3;270;3.0;0;0;0;0;0;0;0;0;0.00;0.00;0.00;0.00;0.00;Matches
Rk;Player;Nation;Squad;Age;Born;MP;Starts;Min;90s;Gls;Ast;G+A;G-PK;PK;PKatt;CrdY;CrdR;Gls;Ast;G+A;G-PK;G+A-PK;Matches
51;Sander Berge;no NOR;Fulham;27;1998;35;34;2,905;32.3;0;1;1;0;0;0;5;0;0.00;0.03;0.03;0.00;0.03;Matches
52;Lucas Bergvall;se SWE;Tottenham Hotspur;19;2006;23;11;965;10.jul;1;3;4;1;0;0;2;0;0.09;0.28;0.37;0.09;0.37;Matches
53;Beto;gw GNB;Everton;27;1998;37;17;1,568;17.apr;9;1;10;9;0;0;3;0;0.52;0.06;0.57;0.52;0.57;Matches
54;Jaka Bijol;si SVN;Leeds United;26;1999;25;21;1,89;21.0;1;2;3;1;0;0;4;0;0.05;0.10;0.14;0.05;0.14;Matches
55;Yves Bissouma;ml MLI;Tottenham Hotspur;28;1996;11;7;603;06.jul;0;0;0;0;0;0;4;0;0.00;0.00;0.00;0.00;0.00;Matches
56;Marco Bizot;nl NED;Aston Villa;34;1991;7;6;585;06.mai;0;0;0;0;0;0;2;0;0.00;0.00;0.00;0.00;0.00;Matches
57;Oscar Bobb;no NOR;Manchester City;22;2003;9;5;468;05.feb;0;1;1;0;0;0;1;0;0.00;0.19;0.19;0.00;0.19;Matches
58;Oscar Bobb;no NOR;Fulham;22;2003;14;6;571;06.mar;0;0;0;0;0;0;0;0;0.00;0.00;0.00;0.00;0.00;Matches
59;Lamare Bogarde;nl NED;Aston Villa;21;2004;28;11;1,053;11.jul;0;0;0;0;0;0;5;0;0.00;0.00;0.00;0.00;0.00;Matches
60;Jayden Bogle;eng ENG;Leeds United;25;2000;34;32;2,793;31.0;1;2;3;1;0;0;6;0;0.03;0.06;0.10;0.03;0.10;Matches
61;Sebastiaan Bornauw;be BEL;Leeds United;26;1999;12;5;429;04.aug;0;0;0;0;0;0;1;0;0.00;0.00;0.00;0.00;0.00;Matches
62;Olivier Boscagli;fr FRA;Brighton;27;1997;12;9;802;08.sep;0;1;1;0;0;0;2;0;0.00;0.11;0.11;0.00;0.11;Matches
63;Sven Botman;nl NED;Newcastle United;25;2000;25;21;1,835;20.apr;1;1;2;1;0;0;2;0;0.05;0.05;0.10;0.05;0.10;Matches
64;Jarrod Bowen;eng ENG;West Ham United;28;1996;38;38;3,403;37.8;9;11;20;8;1;1;4;0;0.24;0.29;0.53;0.21;0.50;Matches
65;Conor Bradley;nir NIR;Liverpool;22;2003;15;12;929;10.mar;0;1;1;0;0;0;5;0;0.00;0.10;0.10;0.00;0.10;Matches
66;Jarrad Branthwaite;eng ENG;Everton;23;2002;10;7;680;07.jun;1;0;1;1;0;0;1;0;0.13;0.00;0.13;0.13;0.13;Matches
67;Brian Brobbey;nl NED;Sunderland;23;2002;31;22;1,927;21.apr;7;1;8;7;0;0;6;0;0.33;0.05;0.37;0.33;0.37;Matches
68;Armando Broja;al ALB;Burnley;23;2001;24;8;860;09.jun;1;1;2;1;0;0;0;0;0.10;0.10;0.21;0.10;0.21;Matches
69;David Brooks;wls WAL;Bournemouth;28;1997;31;13;1,204;13.apr;1;3;4;1;0;0;7;0;0.07;0.22;0.30;0.07;0.30;Matches
70;Jacob Bruun Larsen;dk DEN;Burnley;26;1998;28;10;1,03;11.apr;0;1;1;0;0;0;0;0;0.00;0.09;0.09;0.00;0.09;Matches
71;Emi Buendía;ar ARG;Aston Villa;28;1996;36;21;1,755;19.mai;6;2;8;6;0;0;6;0;0.31;0.10;0.41;0.31;0.41;Matches
72;Hugo Bueno;es ESP;Wolves;22;2002;35;26;2,366;26.mar;1;2;3;1;0;0;3;0;0.04;0.08;0.11;0.04;0.11;Matches
73;Santiago Bueno;uy URU;Wolves;26;1998;29;28;2,553;28.apr;3;1;4;3;0;0;4;0;0.11;0.04;0.14;0.11;0.14;Matches
74;Facundo Buonanotte;ar ARG;Chelsea;20;2004;1;1;45;0.5;0;0;0;0;0;0;0;0;0.00;0.00;0.00;0.00;0.00;Matches
75;Facundo Buonanotte;ar ARG;Leeds United;20;2004;3;0;39;0.4;0;0;0;0;0;0;1;0;0.00;0.00;0.00;0.00;0.00;Matches
Rk;Player;Nation;Squad;Age;Born;MP;Starts;Min;90s;Gls;Ast;G+A;G-PK;PK;PKatt;CrdY;CrdR;Gls;Ast;G+A;G-PK;G+A-PK;Matches
76;Dan Burn;eng ENG;Newcastle United;33;1992;29;25;2,199;24.apr;1;2;3;1;0;0;11;1;0.04;0.08;0.12;0.04;0.12;Matches
77;Bradley Burrowes;eng ENG;Aston Villa;17;2008;1;0;17;0.2;0;0;0;0;0;0;0;0;0.00;0.00;0.00;0.00;0.00;Matches
78;Jun'ai Byfield;eng ENG;Tottenham Hotspur;16;2008;1;0;1;0.0;0;0;0;0;0;0;0;0;0.00;0.00;0.00;0.00;0.00;Matches
79;Sam Byram;eng ENG;Leeds United;31;1993;2;0;9;0.1;0;0;0;0;0;0;0;0;0.00;0.00;0.00;0.00;0.00;Matches
80;Moisés Caicedo;ec ECU;Chelsea;23;2001;33;32;2,795;31.jan;3;1;4;3;0;0;11;1;0.10;0.03;0.13;0.10;0.13;Matches
81;Tom Cairney;sct SCO;Fulham;34;1991;24;6;775;08.jun;2;0;2;2;0;0;3;0;0.23;0.00;0.23;0.23;0.23;Matches
82;Riccardo Calafiori;it ITA;Arsenal;23;2002;26;22;1,699;18.sep;1;2;3;1;0;0;5;0;0.05;0.11;0.16;0.05;0.16;Matches
83;Dominic Calvert-Lewin;eng ENG;Leeds United;28;1997;35;30;2,721;30.2;14;1;15;10;4;5;3;0;0.46;0.03;0.50;0.33;0.36;Matches
84;Jaydee Canvot;fr FRA;Crystal Palace;19;2006;20;14;1,336;14.aug;0;0;0;0;0;0;3;0;0.00;0.00;0.00;0.00;0.00;Matches
85;Rio Cardines;tt TRI;Crystal Palace;19;2006;1;1;90;1.0;0;0;0;0;0;0;0;0;0.00;0.00;0.00;0.00;0.00;Matches
86;Fabio Carvalho;pt POR;Brentford;22;2002;6;1;102;01.jan;1;0;1;1;0;0;0;0;0.88;0.00;0.88;0.88;0.88;Matches
87;Casemiro;br BRA;Manchester Utd;33;1992;34;33;2,571;28.jun;9;2;11;9;0;0;11;1;0.32;0.07;0.39;0.32;0.39;Matches
88;Matty Cash;pl POL;Aston Villa;27;1997;35;34;3,014;33.5;3;3;6;3;0;0;9;0;0.09;0.09;0.18;0.09;0.18;Matches
89;Timothy Castagne;be BEL;Fulham;29;1995;30;20;1,845;20.mai;0;0;0;0;0;0;4;0;0.00;0.00;0.00;0.00;0.00;Matches
90;Valentín Castellanos;ar ARG;West Ham United;26;1998;18;17;1,384;15.apr;6;0;6;6;0;0;6;0;0.39;0.00;0.39;0.39;0.39;Matches
91;Trevoh Chalobah;eng ENG;Chelsea;26;1999;34;31;2,783;30.sep;3;0;3;3;0;0;3;1;0.10;0.00;0.10;0.10;0.10;Matches
92;Rayan Cherki;fr FRA;Manchester City;21;2003;33;19;1,786;19.aug;4;12;16;4;0;0;1;0;0.20;0.60;0.81;0.20;0.81;Matches
93;Federico Chiesa;it ITA;Liverpool;27;1997;26;1;339;03.aug;2;1;3;2;0;0;3;0;0.53;0.27;0.80;0.53;0.80;Matches
94;Tawanda Chirewa;zw ZIM;Wolves;21;2003;2;0;27;0.3;0;0;0;0;0;0;0;0;0.00;0.00;0.00;0.00;0.00;Matches
95;Ryan Christie;sct SCO;Bournemouth;30;1995;26;9;993;11.0;2;0;2;2;0;0;3;1;0.18;0.00;0.18;0.18;0.18;Matches
96;Samuel Chukwueze;ng NGA;Fulham;26;1999;23;10;1,079;12.0;3;4;7;3;0;0;0;0;0.25;0.33;0.58;0.25;0.58;Matches
97;Dennis Cirkin;lv LVA;Sunderland;23;2002;8;3;323;03.jun;0;0;0;0;0;0;2;0;0.00;0.00;0.00;0.00;0.00;Matches
98;Nathaniel Clyne;eng ENG;Crystal Palace;34;1991;10;7;594;06.jun;0;1;1;0;0;0;1;0;0.00;0.15;0.15;0.00;0.15;Matches
99;Séamus Coleman;ie IRL;Everton;36;1988;5;1;21;0.2;0;0;0;0;0;0;0;0;0.00;0.00;0.00;0.00;0.00;Matches
100;Nathan Collins;ie IRL;Brentford;24;2001;35;32;2,975;33.1;1;2;3;1;0;0;7;0;0.03;0.06;0.09;0.03;0.09;Matches
Rk;Player;Nation;Squad;Age;Born;MP;Starts;Min;90s;Gls;Ast;G+A;G-PK;PK;PKatt;CrdY;CrdR;Gls;Ast;G+A;G-PK;G+A-PK;Matches
101;Levi Colwill;eng ENG;Chelsea;22;2003;3;2;225;02.mai;0;0;0;0;0;0;0;0;0.00;0.00;0.00;0.00;0.00;Matches
102;Lewis Cook;eng ENG;Bournemouth;28;1997;18;8;874;09.jul;0;1;1;0;0;0;1;1;0.00;0.10;0.10;0.00;0.10;Matches
103;Diego Coppola;it ITA;Brighton;21;2003;5;2;194;02.feb;0;0;0;0;0;0;2;0;0.00;0.00;0.00;0.00;0.00;Matches
104;Marc Cucurella;es ESP;Chelsea;27;1998;34;31;2,707;30.jan;1;4;5;1;0;0;8;1;0.03;0.13;0.17;0.03;0.17;Matches
105;Jorge Cuenca;es ESP;Fulham;25;1999;15;11;938;10.apr;0;0;0;0;0;0;6;0;0.00;0.00;0.00;0.00;0.00;Matches
106;Josh Cullen;ie IRL;Burnley;29;1996;18;18;1,514;16.aug;2;2;4;2;0;0;2;0;0.12;0.12;0.24;0.12;0.24;Matches
107;Jair Cunha;br BRA;Nottingham Forest;20;2005;9;6;517;05.jul;0;0;0;0;0;0;0;0;0.00;0.00;0.00;0.00;0.00;Matches
108;Matheus Cunha;br BRA;Manchester Utd;26;1999;33;29;2,494;27.jul;10;2;12;10;0;0;4;0;0.36;0.07;0.43;0.36;0.43;Matches
109;Diogo Dalot;pt POR;Manchester Utd;26;1999;34;29;2,614;29.0;1;3;4;1;0;0;5;0;0.03;0.10;0.14;0.03;0.14;Matches
110;Mikkel Damsgaard;dk DEN;Brentford;25;2000;33;24;2,054;22.aug;4;4;8;4;0;0;0;0;0.18;0.18;0.35;0.18;0.35;Matches
111;Kevin Danso;at AUT;Tottenham Hotspur;26;1998;24;17;1,494;16.jun;0;0;0;0;0;0;8;0;0.00;0.00;0.00;0.00;0.00;Matches
112;Karl Darlow;wls WAL;Leeds United;34;1990;22;22;1,98;22.0;0;0;0;0;0;0;1;0;0.00;0.00;0.00;0.00;0.00;Matches
113;Josh Dasilva;eng ENG;Brentford;26;1998;2;0;3;0.0;0;0;0;0;0;0;0;0;0.00;0.00;0.00;0.00;0.00;Matches
114;Ben Davies;wls WAL;Tottenham Hotspur;32;1993;3;2;137;01.mai;1;0;1;1;0;0;1;0;0.66;0.00;0.66;0.66;0.66;Matches
115;Maxim De Cuyper;be BEL;Brighton;24;2000;30;17;1,415;15.jul;2;3;5;2;0;0;2;0;0.13;0.19;0.32;0.13;0.32;Matches
116;Liam Delap;eng ENG;Chelsea;22;2003;28;12;1,107;12.mar;1;0;1;1;0;0;4;0;0.08;0.00;0.08;0.08;0.08;Matches
117;Sepp van den Berg;nl NED;Brentford;23;2001;32;30;2,763;30.jul;0;2;2;0;0;0;2;0;0.00;0.07;0.07;0.00;0.07;Matches
118;Jesse Derry;eng ENG;Chelsea;18;2007;1;1;44;0.5;0;0;0;0;0;0;0;0;0.00;0.00;0.00;0.00;0.00;Matches
119;Justin Devenny;nir NIR;Crystal Palace;21;2003;21;7;796;08.aug;1;0;1;0;1;1;0;0;0.11;0.00;0.11;0.00;0.00;Matches
120;Kiernan Dewsbury-Hall;eng ENG;Everton;26;1998;31;30;2,626;29.2;8;4;12;8;0;0;6;0;0.27;0.14;0.41;0.27;0.41;Matches
121;Bafodé Diakité;fr FRA;Bournemouth;24;2001;18;15;1,277;14.feb;0;0;0;0;0;0;1;0;0.00;0.00;0.00;0.00;0.00;Matches
122;Amad Diallo;ci CIV;Manchester Utd;23;2002;32;27;2,341;26.0;2;3;5;2;0;0;2;0;0.08;0.12;0.19;0.08;0.19;Matches
123;Habib Diarra;sn SEN;Sunderland;21;2004;20;15;1,405;15.jun;2;2;4;1;1;1;6;0;0.13;0.13;0.26;0.06;0.19;Matches
124;Rúben Dias;pt POR;Manchester City;28;1997;26;24;2,141;23.aug;2;0;2;2;0;0;3;0;0.08;0.00;0.08;0.08;0.08;Matches
125;Tyler Dibling;eng ENG;Everton;19;2006;14;4;358;4.0;0;0;0;0;0;0;2;0;0.00;0.00;0.00;0.00;0.00;Matches
Rk;Player;Nation;Squad;Age;Born;MP;Starts;Min;90s;Gls;Ast;G+A;G-PK;PK;PKatt;CrdY;CrdR;Gls;Ast;G+A;G-PK;G+A-PK;Matches
126;Lucas Digne;fr FRA;Aston Villa;32;1993;31;21;1,852;20.jun;0;6;6;0;0;0;3;0;0.00;0.29;0.29;0.00;0.29;Matches
127;Issa Diop;ma MAR;Fulham;28;1997;13;8;816;09.jan;1;0;1;1;0;0;2;0;0.11;0.00;0.11;0.11;0.11;Matches
128;El Hadji Malick Diouf;sn SEN;West Ham United;20;2004;32;30;2,707;30.jan;0;5;5;0;0;0;6;0;0.00;0.17;0.17;0.00;0.17;Matches
129;Axel Disasi;fr FRA;West Ham United;27;1998;14;14;1,254;13.sep;0;0;0;0;0;0;1;0;0.00;0.00;0.00;0.00;0.00;Matches
130;Matt Doherty;ie IRL;Wolves;33;1992;11;11;787;08.jul;0;0;0;0;0;0;4;0;0.00;0.00;0.00;0.00;0.00;Matches
131;Jeremy Doku;be BEL;Manchester City;23;2002;30;19;1,784;19.aug;5;5;10;5;0;0;0;0;0.25;0.25;0.50;0.25;0.50;Matches
132;Nicolás Domínguez;ar ARG;Nottingham Forest;27;1998;27;17;1,175;13.jan;1;1;2;1;0;0;3;0;0.08;0.08;0.15;0.08;0.15;Matches
133;Gianluigi Donnarumma;it ITA;Manchester City;26;1999;34;34;3,06;34.0;0;0;0;0;0;0;8;0;0.00;0.00;0.00;0.00;0.00;Matches
134;Romelle Donovan;eng ENG;Brentford;18;2006;4;0;41;0.5;0;0;0;0;0;0;0;0;0.00;0.00;0.00;0.00;0.00;Matches
135;Patrick Dorgu;dk DEN;Manchester Utd;20;2004;26;15;1,449;16.jan;4;4;8;4;0;0;5;0;0.25;0.25;0.50;0.25;0.50;Matches
136;Max Dowman;eng ENG;Arsenal;15;2009;6;1;157;01.jul;1;0;1;1;0;0;0;0;0.57;0.00;0.57;0.57;0.57;Matches
137;Radu Drăgușin;ro ROU;Tottenham Hotspur;23;2002;10;5;517;05.jul;0;0;0;0;0;0;0;0;0.00;0.00;0.00;0.00;0.00;Matches
138;Joél Drakes-Thomas;eng ENG;Crystal Palace;16;2009;2;0;9;0.1;0;0;0;0;0;0;0;0;0.00;0.00;0.00;0.00;0.00;Matches
139;Martin Dúbravka;sk SVK;Burnley;36;1989;35;35;3,15;35.0;0;0;0;0;0;0;1;0;0.00;0.00;0.00;0.00;0.00;Matches
140;Lewis Dunk;eng ENG;Brighton;33;1991;33;31;2,838;31.mai;1;0;1;1;0;0;10;0;0.03;0.00;0.03;0.03;0.03;Matches
141;George Earthy;eng ENG;West Ham United;20;2004;1;0;9;0.1;0;0;0;0;0;0;0;0;0.00;0.00;0.00;0.00;0.00;Matches
142;Odsonne Édouard;fr FRA;Crystal Palace;27;1998;1;0;3;0.0;0;0;0;0;0;0;0;0;0.00;0.00;0.00;0.00;0.00;Matches
143;Tom Edozie;eng ENG;Wolves;19;2006;3;0;14;0.2;1;0;1;1;0;0;0;0;jun.43;0.00;jun.43;jun.43;jun.43;Matches
144;Alysson Edward;br BRA;Aston Villa;19;2006;3;0;49;0.5;0;0;0;0;0;0;0;0;0.00;0.00;0.00;0.00;0.00;Matches
145;Marcus Edwards;eng ENG;Burnley;26;1998;23;11;1,067;11.sep;1;3;4;1;0;0;0;0;0.08;0.25;0.34;0.08;0.34;Matches
146;Hjalmar Ekdal;se SWE;Burnley;26;1998;19;17;1,539;17.jan;0;0;0;0;0;0;0;0;0.00;0.00;0.00;0.00;0.00;Matches
147;Hugo Ekitike;fr FRA;Liverpool;23;2002;28;21;1,803;20.0;11;4;15;11;0;0;0;0;0.55;0.20;0.75;0.55;0.75;Matches
148;Anthony Elanga;se SWE;Newcastle United;23;2002;32;14;1,319;14.jul;0;1;1;0;0;0;0;0;0.00;0.07;0.07;0.00;0.07;Matches
149;Melker Ellborg;se SWE;Sunderland;22;2003;3;3;270;3.0;0;0;0;0;0;0;0;0;0.00;0.00;0.00;0.00;0.00;Matches
150;Harvey Elliott;eng ENG;Liverpool;22;2003;1;0;1;0.0;0;0;0;0;0;0;0;0;0.00;0.00;0.00;0.00;0.00;Matches
Rk;Player;Nation;Squad;Age;Born;MP;Starts;Min;90s;Gls;Ast;G+A;G-PK;PK;PKatt;CrdY;CrdR;Gls;Ast;G+A;G-PK;G+A-PK;Matches
151;Harvey Elliott;eng ENG;Aston Villa;22;2003;4;1;112;01.feb;0;0;0;0;0;0;0;0;0.00;0.00;0.00;0.00;0.00;Matches
152;Wataru Endo;jp JPN;Liverpool;32;1993;8;1;175;01.sep;0;1;1;0;0;0;1;0;0.00;0.51;0.51;0.00;0.51;Matches
153;Romain Esse;eng ENG;Crystal Palace;20;2005;4;0;44;0.5;0;0;0;0;0;0;0;0;0.00;0.00;0.00;0.00;0.00;Matches
154;Dario Essugo;pt POR;Chelsea;20;2005;3;0;30;0.3;0;0;0;0;0;0;2;0;0.00;0.00;0.00;0.00;0.00;Matches
155;Maxime Estève;fr FRA;Burnley;23;2002;34;34;2,932;32.6;0;0;0;0;0;0;1;0;0.00;0.00;0.00;0.00;0.00;Matches
156;Evanilson;br BRA;Bournemouth;25;1999;36;32;2,742;30.mai;6;1;7;6;0;0;2;0;0.20;0.03;0.23;0.20;0.23;Matches
157;Eberechi Eze;eng ENG;Crystal Palace;27;1998;1;1;83;0.9;0;0;0;0;0;0;0;0;0.00;0.00;0.00;0.00;0.00;Matches
158;Eberechi Eze;eng ENG;Arsenal;27;1998;32;21;1,812;20.jan;7;2;9;7;0;0;1;0;0.35;0.10;0.45;0.35;0.45;Matches
159;Bruno Fernandes;pt POR;Manchester Utd;30;1994;35;35;3,063;34.0;9;21;30;5;4;6;5;0;0.26;0.62;0.88;0.15;0.76;Matches
160;Mateus Fernandes;pt POR;West Ham United;21;2004;36;35;3,016;33.5;3;4;7;3;0;0;7;0;0.09;0.12;0.21;0.09;0.21;Matches
161;Enzo Fernández;ar ARG;Chelsea;24;2001;36;35;3,115;34.6;10;4;14;8;2;2;10;0;0.29;0.12;0.40;0.23;0.35;Matches
162;Zian Flemming;nl NED;Burnley;26;1998;29;21;1,768;19.jun;11;0;11;9;2;2;5;0;0.56;0.00;0.56;0.46;0.46;Matches
163;Jack Fletcher;eng ENG;Manchester Utd;18;2007;3;0;108;01.feb;0;0;0;0;0;0;0;0;0.00;0.00;0.00;0.00;0.00;Matches
164;Tyler Fletcher;sct SCO;Manchester Utd;18;2007;2;0;18;0.2;0;0;0;0;0;0;0;0;0.00;0.00;0.00;0.00;0.00;Matches
165;Phil Foden;eng ENG;Manchester City;25;2000;33;23;2,086;23.feb;7;5;12;7;0;0;4;0;0.30;0.22;0.52;0.30;0.52;Matches
166;Wesley Fofana;fr FRA;Chelsea;24;2000;25;20;1,722;19.jan;0;1;1;0;0;0;9;2;0.00;0.05;0.05;0.00;0.05;Matches
167;Lyle Foster;za RSA;Burnley;24;2000;26;15;1,371;15.feb;3;2;5;3;0;0;4;0;0.20;0.13;0.33;0.20;0.33;Matches
168;Tyler Fredricson;eng ENG;Manchester Utd;20;2005;1;0;3;0.0;0;0;0;0;0;0;0;0;0.00;0.00;0.00;0.00;0.00;Matches
169;Jeremie Frimpong;nl NED;Liverpool;24;2000;21;12;1,04;11.jun;0;1;1;0;0;0;1;0;0.00;0.09;0.09;0.00;0.09;Matches
170;Niclas Füllkrug;de GER;West Ham United;32;1993;8;5;409;04.mai;0;0;0;0;0;0;0;0;0.00;0.00;0.00;0.00;0.00;Matches
171;Kaye Furo;be BEL;Brentford;18;2007;1;0;1;0.0;0;0;0;0;0;0;0;0;0.00;0.00;0.00;0.00;0.00;Matches
172;Cody Gakpo;nl NED;Liverpool;26;1999;36;32;2,737;30.apr;7;5;12;7;0;0;3;0;0.23;0.16;0.39;0.23;0.39;Matches
173;Conor Gallagher;eng ENG;Tottenham Hotspur;25;2000;16;14;1,184;13.feb;1;1;2;1;0;0;2;0;0.08;0.08;0.15;0.08;0.15;Matches
174;Idrissa Gana Gueye;sn SEN;Everton;35;1989;25;25;2,093;23.mar;2;3;5;2;0;0;1;1;0.09;0.13;0.22;0.09;0.22;Matches
175;Ben Gannon-Doak;sct SCO;Bournemouth;19;2005;8;0;113;01.mar;0;1;1;0;0;0;0;0;0.00;0.80;0.80;0.00;0.80;Matches
Rk;Player;Nation;Squad;Age;Born;MP;Starts;Min;90s;Gls;Ast;G+A;G-PK;PK;PKatt;CrdY;CrdR;Gls;Ast;G+A;G-PK;G+A-PK;Matches
176;Andrés García;es ESP;Aston Villa;22;2003;6;1;86;1.0;0;0;0;0;0;0;0;0;0.00;0.00;0.00;0.00;0.00;Matches
177;Alejandro Garnacho;ar ARG;Chelsea;21;2004;24;14;1,268;14.jan;1;4;5;1;0;0;2;0;0.07;0.28;0.35;0.07;0.35;Matches
178;James Garner;eng ENG;Everton;24;2001;38;38;3,413;37.9;2;7;9;2;0;0;12;0;0.05;0.18;0.24;0.05;0.24;Matches
179;Lutsharel Geertruida;nl NED;Sunderland;25;2000;28;17;1,693;18.aug;0;0;0;0;0;0;2;0;0.00;0.00;0.00;0.00;0.00;Matches
180;Tyrique George;eng ENG;Chelsea;19;2006;4;0;145;01.jun;0;0;0;0;0;0;2;0;0.00;0.00;0.00;0.00;0.00;Matches
181;Tyrique George;eng ENG;Everton;19;2006;11;1;218;02.apr;0;0;0;0;0;0;0;0;0.00;0.00;0.00;0.00;0.00;Matches
182;Morgan Gibbs-White;eng ENG;Nottingham Forest;25;2000;37;35;3,097;34.4;15;4;19;14;1;1;1;0;0.44;0.12;0.55;0.41;0.52;Matches
183;Jamie Gittens;eng ENG;Chelsea;20;2004;16;5;495;05.mai;0;2;2;0;0;0;0;0;0.00;0.36;0.36;0.00;0.36;Matches
184;Wilfried Gnonto;it ITA;Leeds United;21;2003;23;4;537;6.0;0;1;1;0;0;0;3;0;0.00;0.17;0.17;0.00;0.17;Matches
185;Angel Gomes;eng ENG;Wolves;24;2000;12;7;461;05.jan;0;0;0;0;0;0;1;0;0.00;0.00;0.00;0.00;0.00;Matches
186;João Gomes;br BRA;Wolves;24;2001;35;32;2,829;31.4;1;1;2;1;0;0;10;0;0.03;0.03;0.06;0.03;0.06;Matches
187;Rodrigo Gomes;pt POR;Wolves;22;2003;22;9;960;10.jul;3;0;3;3;0;0;0;0;0.28;0.00;0.28;0.28;0.28;Matches
188;Toti Gomes;pt POR;Wolves;26;1999;19;17;1,424;15.aug;0;0;0;0;0;0;2;1;0.00;0.00;0.00;0.00;0.00;Matches
189;Diego Gómez;py PAR;Brighton;22;2003;32;26;2,12;23.jun;5;1;6;5;0;0;9;0;0.21;0.04;0.25;0.21;0.25;Matches
190;Joe Gomez;eng ENG;Liverpool;28;1997;21;7;607;06.jul;0;2;2;0;0;0;4;0;0.00;0.30;0.30;0.00;0.30;Matches
191;Nicolás González;es ESP;Manchester City;23;2002;25;17;1,569;17.apr;1;0;1;1;0;0;6;0;0.06;0.00;0.06;0.06;0.06;Matches
192;Anthony Gordon;eng ENG;Newcastle United;24;2001;26;24;1,795;19.sep;6;2;8;3;3;3;3;1;0.30;0.10;0.40;0.15;0.25;Matches
193;Ryan Gravenberch;nl NED;Liverpool;23;2002;36;34;2,992;33.2;5;3;8;5;0;0;5;0;0.15;0.09;0.24;0.15;0.24;Matches
194;Archie Gray;eng ENG;Tottenham Hotspur;19;2006;24;18;1,478;16.apr;2;2;4;2;0;0;5;0;0.12;0.12;0.24;0.12;0.24;Matches
195;Jack Grealish;eng ENG;Everton;29;1995;20;18;1,627;18.jan;2;6;8;2;0;0;5;1;0.11;0.33;0.44;0.11;0.44;Matches
196;Pascal Groß;de GER;Brighton;34;1991;19;18;1,636;18.feb;1;3;4;1;0;0;2;0;0.06;0.17;0.22;0.06;0.22;Matches
197;Brajan Gruda;de GER;Brighton;21;2004;18;8;719;8.0;1;1;2;1;0;0;2;0;0.13;0.13;0.25;0.13;0.25;Matches
198;Ilia Gruev;bg BUL;Leeds United;25;2000;23;15;1,323;14.jul;0;3;3;0;0;0;3;0;0.00;0.20;0.20;0.00;0.20;Matches
199;Gabriel Gudmundsson;se SWE;Leeds United;26;1999;32;31;2,631;29.2;0;0;0;0;0;0;6;1;0.00;0.00;0.00;0.00;0.00;Matches
200;Marc Guéhi;eng ENG;Crystal Palace;25;2000;20;20;1,8;20.0;2;2;4;2;0;0;4;0;0.10;0.10;0.20;0.10;0.20;Matches
Rk;Player;Nation;Squad;Age;Born;MP;Starts;Min;90s;Gls;Ast;G+A;G-PK;PK;PKatt;CrdY;CrdR;Gls;Ast;G+A;G-PK;G+A-PK;Matches
201;Marc Guéhi;eng ENG;Manchester City;25;2000;15;15;1,35;15.0;1;1;2;1;0;0;2;0;0.07;0.07;0.13;0.07;0.13;Matches
202;Evann Guessand;ci CIV;Crystal Palace;24;2001;8;3;330;03.jul;1;1;2;1;0;0;0;0;0.27;0.27;0.55;0.27;0.55;Matches
203;Evann Guessand;ci CIV;Aston Villa;24;2001;13;6;588;06.mai;0;1;1;0;0;0;0;0;0.00;0.15;0.15;0.00;0.15;Matches
204;Luis Guilherme;br BRA;West Ham United;19;2006;5;1;125;01.apr;0;0;0;0;0;0;0;0;0.00;0.00;0.00;0.00;0.00;Matches
205;Bruno Guimarães;br BRA;Newcastle United;27;1997;29;27;2,453;27.mar;9;5;14;7;2;2;6;0;0.33;0.18;0.51;0.26;0.44;Matches
206;Marc Guiu;es ESP;Sunderland;19;2006;2;0;15;0.2;0;0;0;0;0;0;0;0;0.00;0.00;0.00;0.00;0.00;Matches
207;Marc Guiu;es ESP;Chelsea;19;2006;8;1;257;02.sep;0;1;1;0;0;0;1;0;0.00;0.35;0.35;0.00;0.35;Matches
208;Angus Gunn;sct SCO;Nottingham Forest;29;1996;1;0;45;0.5;0;0;0;0;0;0;0;0;0.00;0.00;0.00;0.00;0.00;Matches
209;Malo Gusto;fr FRA;Chelsea;22;2003;34;26;2,261;25.jan;2;3;5;2;0;0;5;1;0.08;0.12;0.20;0.08;0.20;Matches
210;Joško Gvardiol;hr CRO;Manchester City;23;2002;18;16;1,372;15.feb;2;2;4;2;0;0;2;0;0.13;0.13;0.26;0.13;0.26;Matches
211;Viktor Gyökeres;se SWE;Arsenal;27;1998;36;26;2,224;24.jul;14;1;15;11;3;3;5;0;0.57;0.04;0.61;0.45;0.49;Matches
212;Erling Haaland;no NOR;Manchester City;25;2000;35;34;2,953;32.8;27;8;35;24;3;4;2;0;0.82;0.24;01.jul;0.73;0.98;Matches
213;Lewis Hall;eng ENG;Newcastle United;20;2004;30;24;2,181;24.feb;1;1;2;1;0;0;4;0;0.04;0.04;0.08;0.04;0.08;Matches
214;Jack Harrison;eng ENG;Leeds United;28;1996;11;1;269;3.0;0;0;0;0;0;0;0;0;0.00;0.00;0.00;0.00;0.00;Matches
215;Quilindschy Hartman;nl NED;Burnley;23;2001;21;21;1,825;20.mar;0;5;5;0;0;0;1;0;0.00;0.25;0.25;0.00;0.25;Matches
216;Jorrel Hato;nl NED;Chelsea;19;2006;22;12;1,148;12.aug;0;0;0;0;0;0;7;0;0.00;0.00;0.00;0.00;0.00;Matches
217;Kai Havertz;de GER;Arsenal;26;1999;12;7;581;06.mai;2;3;5;2;0;0;1;0;0.31;0.46;0.77;0.31;0.77;Matches
218;Ayden Heaven;eng ENG;Manchester Utd;18;2006;17;11;924;10.mar;0;1;1;0;0;0;2;0;0.00;0.10;0.10;0.00;0.10;Matches
219;Jan Paul van Hecke;nl NED;Brighton;25;2000;36;36;3,21;35.7;3;3;6;3;0;0;9;0;0.08;0.08;0.17;0.08;0.17;Matches
220;Hwang Hee-chan;kr KOR;Wolves;29;1996;26;18;1,446;16.jan;2;2;4;1;1;1;5;0;0.12;0.12;0.25;0.06;0.19;Matches
221;George Hemmings;eng ENG;Aston Villa;18;2007;2;0;27;0.3;0;0;0;0;0;0;0;0;0.00;0.00;0.00;0.00;0.00;Matches
222;Dean Henderson;eng ENG;Crystal Palace;28;1997;37;37;3,33;37.0;0;0;0;0;0;0;5;0;0.00;0.00;0.00;0.00;0.00;Matches
223;Jordan Henderson;eng ENG;Brentford;35;1990;32;22;1,919;21.mar;1;3;4;1;0;0;6;0;0.05;0.14;0.19;0.05;0.19;Matches
224;Rico Henry;jm JAM;Brentford;28;1997;25;14;1,328;14.aug;0;1;1;0;0;0;2;0;0.00;0.07;0.07;0.00;0.07;Matches
225;Mads Hermansen;dk DEN;West Ham United;25;2000;18;18;1,62;18.0;0;1;1;0;0;0;0;0;0.00;0.06;0.06;0.00;0.06;Matches
Rk;Player;Nation;Squad;Age;Born;MP;Starts;Min;90s;Gls;Ast;G+A;G-PK;PK;PKatt;CrdY;CrdR;Gls;Ast;G+A;G-PK;G+A-PK;Matches
226;Aaron Hickey;sct SCO;Brentford;23;2002;21;8;690;07.jul;0;0;0;0;0;0;1;0;0.00;0.00;0.00;0.00;0.00;Matches
227;James Hill;eng ENG;Bournemouth;23;2002;29;22;2,106;23.apr;0;3;3;0;0;0;5;0;0.00;0.13;0.13;0.00;0.13;Matches
228;Piero Hincapié;ec ECU;Arsenal;23;2002;25;20;1,792;19.sep;1;2;3;1;0;0;2;0;0.05;0.10;0.15;0.05;0.15;Matches
229;Jack Hinshelwood;eng ENG;Brighton;20;2005;27;20;1,741;19.mar;4;3;7;4;0;0;0;0;0.21;0.16;0.36;0.21;0.36;Matches
230;Ki-Jana Hoever;nl NED;Wolves;23;2002;8;6;425;04.jul;0;0;0;0;0;0;0;0;0.00;0.00;0.00;0.00;0.00;Matches
231;Harry Howell;eng ENG;Brighton;17;2008;3;1;94;1.0;0;0;0;0;0;0;0;0;0.00;0.00;0.00;0.00;0.00;Matches
232;Callum Hudson-Odoi;eng ENG;Nottingham Forest;24;2000;30;21;1,841;20.mai;3;4;7;3;0;0;0;0;0.15;0.20;0.34;0.15;0.34;Matches
233;Will Hughes;eng ENG;Crystal Palace;30;1995;31;19;1,571;17.mai;0;0;0;0;0;0;7;0;0.00;0.00;0.00;0.00;0.00;Matches
234;Trai Hume;nir NIR;Sunderland;23;2002;38;34;3,036;33.7;2;1;3;2;0;0;9;0;0.06;0.03;0.09;0.06;0.09;Matches
235;Bashir Humphreys;eng ENG;Burnley;22;2003;20;17;1,578;17.mai;0;0;0;0;0;0;6;0;0.00;0.00;0.00;0.00;0.00;Matches
236;Omari Hutchinson;eng ENG;Nottingham Forest;21;2003;31;17;1,688;18.aug;1;5;6;1;0;0;1;0;0.05;0.27;0.32;0.05;0.32;Matches
237;Igor;br BRA;West Ham United;27;1998;4;1;105;01.feb;0;0;0;0;0;0;0;0;0.00;0.00;0.00;0.00;0.00;Matches
238;Tim Iroegbunam;eng ENG;Everton;22;2003;29;17;1,487;16.mai;0;2;2;0;0;0;9;0;0.00;0.12;0.12;0.00;0.12;Matches
239;Andy Irving;sct SCO;West Ham United;25;2000;7;2;158;01.aug;0;0;0;0;0;0;0;0;0.00;0.00;0.00;0.00;0.00;Matches
240;Alexander Isak;se SWE;Liverpool;25;1999;14;8;699;07.aug;3;1;4;3;0;0;0;0;0.39;0.13;0.52;0.39;0.52;Matches
241;Wilson Isidor;ht HAI;Sunderland;24;2000;32;11;1,165;12.sep;6;0;6;6;0;0;1;0;0.46;0.00;0.46;0.46;0.46;Matches
242;Alex Iwobi;ng NGA;Fulham;29;1996;29;29;2,419;26.sep;4;3;7;4;0;0;3;0;0.15;0.11;0.26;0.15;0.26;Matches
243;Daniel James;wls WAL;Leeds United;27;1997;19;6;559;06.feb;0;0;0;0;0;0;0;0;0.00;0.00;0.00;0.00;0.00;Matches
244;Reece James;eng ENG;Chelsea;25;1999;29;20;1,963;21.aug;2;4;6;2;0;0;4;0;0.09;0.18;0.28;0.09;0.28;Matches
245;Vitaly Janelt;de GER;Brentford;27;1998;25;15;1,444;16.0;1;4;5;1;0;0;8;0;0.06;0.25;0.31;0.06;0.31;Matches
246;Mathias Jensen;dk DEN;Brentford;29;1996;36;26;2,247;25.0;3;1;4;3;0;0;3;0;0.12;0.04;0.16;0.12;0.16;Matches
247;Gabriel Jesus;br BRA;Arsenal;28;1997;14;3;429;04.aug;3;0;3;3;0;0;3;0;0.63;0.00;0.63;0.63;0.63;Matches
248;Igor Jesus;br BRA;Nottingham Forest;24;2001;37;28;2,298;25.mai;6;4;10;5;1;1;2;0;0.23;0.16;0.39;0.20;0.35;Matches
249;Álex Jiménez;es ESP;Bournemouth;20;2005;31;26;2,317;25.jul;1;0;1;1;0;0;10;0;0.04;0.00;0.04;0.04;0.04;Matches
250;Raúl Jiménez;mx MEX;Fulham;34;1991;36;27;2,189;24.mar;9;3;12;5;4;4;5;0;0.37;0.12;0.49;0.21;0.33;Matches
Rk;Player;Nation;Squad;Age;Born;MP;Starts;Min;90s;Gls;Ast;G+A;G-PK;PK;PKatt;CrdY;CrdR;Gls;Ast;G+A;G-PK;G+A-PK;Matches
251;Jamaldeen Jimoh;eng ENG;Aston Villa;18;2006;1;0;9;0.1;0;0;0;0;0;0;0;0;0.00;0.00;0.00;0.00;0.00;Matches
252;João Pedro;br BRA;Chelsea;23;2001;35;31;2,661;29.jun;15;5;20;15;0;0;5;0;0.51;0.17;0.68;0.51;0.68;Matches
253;Joelinton;br BRA;Newcastle United;28;1996;27;23;1,951;21.jul;2;1;3;2;0;0;10;0;0.09;0.05;0.14;0.09;0.14;Matches
254;John;br BRA;Nottingham Forest;29;1996;5;5;437;04.sep;0;0;0;0;0;0;1;0;0.00;0.00;0.00;0.00;0.00;Matches
255;Brennan Johnson;wls WAL;Tottenham Hotspur;24;2001;16;6;610;06.aug;2;0;2;2;0;0;2;0;0.30;0.00;0.30;0.30;0.30;Matches
256;Brennan Johnson;wls WAL;Crystal Palace;24;2001;18;13;1,112;12.apr;0;1;1;0;0;0;4;0;0.00;0.08;0.08;0.00;0.08;Matches
257;Sam Johnstone;eng ENG;Wolves;32;1993;12;12;1,08;12.0;0;0;0;0;0;0;0;0;0.00;0.00;0.00;0.00;0.00;Matches
258;Curtis Jones;eng ENG;Liverpool;24;2001;34;18;1,937;21.mai;1;2;3;1;0;0;2;0;0.05;0.09;0.14;0.05;0.14;Matches
259;Eli Junior Kroupi;fr FRA;Bournemouth;19;2006;33;21;1,672;18.jun;13;0;13;11;2;2;5;0;0.70;0.00;0.70;0.59;0.59;Matches
260;Hamed Junior Traorè;ci CIV;Bournemouth;25;2000;1;0;17;0.2;0;1;1;0;0;0;0;0;0.00;mai.29;mai.29;0.00;mai.29;Matches
261;James Justin;eng ENG;Leeds United;27;1998;29;21;1,901;21.jan;2;1;3;2;0;0;4;0;0.09;0.05;0.14;0.09;0.14;Matches
262;Filip Jørgensen;dk DEN;Chelsea;23;2002;5;3;379;04.feb;0;0;0;0;0;0;0;0;0.00;0.00;0.00;0.00;0.00;Matches
263;Ferdi Kadioglu;tr TUR;Brighton;25;1999;37;34;3,133;34.8;1;0;1;1;0;0;6;0;0.03;0.00;0.03;0.03;0.03;Matches
264;Sasa Kalajdzic;at AUT;Wolves;28;1997;1;0;15;0.2;0;0;0;0;0;0;0;0;0.00;0.00;0.00;0.00;0.00;Matches
265;Arnaud Kalimuendo;fr FRA;Nottingham Forest;23;2002;9;0;96;01.jan;0;0;0;0;0;0;0;0;0.00;0.00;0.00;0.00;0.00;Matches
266;Daichi Kamada;jp JPN;Crystal Palace;28;1996;28;22;1,902;21.jan;0;0;0;0;0;0;3;0;0.00;0.00;0.00;0.00;0.00;Matches
267;Boubacar Kamara;fr FRA;Aston Villa;25;1999;18;17;1,411;15.jul;1;3;4;1;0;0;5;0;0.06;0.19;0.26;0.06;0.26;Matches
268;Mohamadou Kanté;fr FRA;West Ham United;19;2005;11;0;75;0.8;0;0;0;0;0;0;2;0;0.00;0.00;0.00;0.00;0.00;Matches
269;Michael Kayode;it ITA;Brentford;21;2004;37;37;3,258;36.2;1;1;2;1;0;0;8;0;0.03;0.03;0.06;0.03;0.06;Matches
270;Michael Keane;eng ENG;Everton;32;1993;33;29;2,591;28.aug;3;1;4;3;0;0;1;1;0.10;0.03;0.14;0.10;0.14;Matches
271;Caoimhín Kelleher;ie IRL;Brentford;26;1998;37;37;3,33;37.0;0;0;0;0;0;0;1;0;0.00;0.00;0.00;0.00;0.00;Matches
272;Milos Kerkez;hu HUN;Liverpool;21;2003;34;27;2,257;25.jan;2;1;3;2;0;0;4;0;0.08;0.04;0.12;0.08;0.12;Matches
273;Kevin;br BRA;Fulham;22;2003;26;9;1,041;11.jun;1;1;2;1;0;0;1;0;0.09;0.09;0.17;0.09;0.17;Matches
274;Abdukodir Khusanov;uz UZB;Manchester City;21;2004;21;15;1,432;15.sep;0;0;0;0;0;0;2;0;0.00;0.00;0.00;0.00;0.00;Matches
275;Max Kilman;eng ENG;West Ham United;28;1997;21;17;1,561;17.mar;0;0;0;0;0;0;4;0;0.00;0.00;0.00;0.00;0.00;Matches
Rk;Player;Nation;Squad;Age;Born;MP;Starts;Min;90s;Gls;Ast;G+A;G-PK;PK;PKatt;CrdY;CrdR;Gls;Ast;G+A;G-PK;G+A-PK;Matches
276;Joshua King;eng ENG;Fulham;18;2007;32;15;1,308;14.mai;1;2;3;1;0;0;4;0;0.07;0.14;0.21;0.07;0.21;Matches
277;Antonín Kinský;cz CZE;Tottenham Hotspur;22;2003;7;7;630;7.0;0;0;0;0;0;0;1;0;0.00;0.00;0.00;0.00;0.00;Matches
278;Justin Kluivert;nl NED;Bournemouth;26;1999;20;10;952;10.jun;2;0;2;2;0;0;5;0;0.19;0.00;0.19;0.19;0.19;Matches
279;Joe Knight;eng ENG;Brighton;19;2005;1;0;1;0.0;0;0;0;0;0;0;0;0;0.00;0.00;0.00;0.00;0.00;Matches
280;Randal Kolo Muani;fr FRA;Tottenham Hotspur;26;1998;30;21;1,664;18.mai;1;1;2;1;0;0;3;0;0.05;0.05;0.11;0.05;0.11;Matches
281;Ibrahima Konaté;fr FRA;Liverpool;26;1999;36;36;3,09;34.3;1;0;1;1;0;0;7;0;0.03;0.00;0.03;0.03;0.03;Matches
282;Ezri Konsa;eng ENG;Aston Villa;27;1997;34;34;3,035;33.7;0;0;0;0;0;0;0;1;0.00;0.00;0.00;0.00;0.00;Matches
283;Charalampos Kostoulas;gr GRE;Brighton;18;2007;21;2;369;04.jan;2;1;3;2;0;0;2;0;0.49;0.24;0.73;0.49;0.73;Matches
284;Mateo Kovačić;hr CRO;Manchester City;31;1994;6;1;130;01.apr;0;1;1;0;0;0;0;0;0.00;0.69;0.69;0.00;0.69;Matches
285;Emil Krafth;se SWE;Newcastle United;30;1994;1;1;45;0.5;0;0;0;0;0;0;0;0;0.00;0.00;0.00;0.00;0.00;Matches
286;Ladislav Krejčí;cz CZE;Wolves;26;1999;28;27;2,356;26.feb;2;1;3;2;0;0;5;1;0.08;0.04;0.11;0.08;0.11;Matches
287;Mohammed Kudus;gh GHA;Tottenham Hotspur;24;2000;19;19;1,535;17.jan;2;5;7;2;0;0;3;0;0.12;0.29;0.41;0.12;0.41;Matches
288;Jonah Kusi-Asare;se SWE;Fulham;18;2007;7;0;55;0.6;0;0;0;0;0;0;1;0;0.00;0.00;0.00;0.00;0.00;Matches
289;Shea Lacey;eng ENG;Manchester Utd;18;2007;3;0;43;0.5;0;0;0;0;0;0;0;0;0.00;0.00;0.00;0.00;0.00;Matches
290;Maxence Lacroix;fr FRA;Crystal Palace;25;2000;35;35;3,085;34.3;1;2;3;1;0;0;4;1;0.03;0.06;0.09;0.03;0.09;Matches
291;Senne Lammens;be BEL;Manchester Utd;23;2002;32;32;2,88;32.0;0;0;0;0;0;0;0;0;0.00;0.00;0.00;0.00;0.00;Matches
292;Jamaal Lascelles;eng ENG;Newcastle United;31;1993;2;0;21;0.2;0;0;0;0;0;0;0;0;0.00;0.00;0.00;0.00;0.00;Matches
293;Josh Laurent;eng ENG;Burnley;30;1995;33;18;1,764;19.jun;1;0;1;1;0;0;7;1;0.05;0.00;0.05;0.05;0.05;Matches
294;Roméo Lavia;be BEL;Chelsea;21;2004;12;4;382;04.feb;0;0;0;0;0;0;0;0;0.00;0.00;0.00;0.00;0.00;Matches
295;Enzo Le Fée;fr FRA;Sunderland;25;2000;36;33;2,93;32.6;5;6;11;2;3;4;5;0;0.15;0.18;0.34;0.06;0.25;Matches
296;Bernd Leno;de GER;Fulham;33;1992;38;38;3,42;38.0;0;0;0;0;0;0;3;0;0.00;0.00;0.00;0.00;0.00;Matches
297;Jefferson Lerma;co COL;Crystal Palace;30;1994;31;18;1,733;19.mar;0;2;2;0;0;0;7;0;0.00;0.10;0.10;0.00;0.10;Matches
298;Rico Lewis;eng ENG;Manchester City;20;2004;11;4;407;04.mai;0;1;1;0;0;0;2;0;0.00;0.22;0.22;0.00;0.22;Matches
299;Keane Lewis-Potter;eng ENG;Brentford;24;2001;36;22;1,972;21.sep;3;3;6;3;0;0;1;0;0.14;0.14;0.27;0.14;0.27;Matches
300;Myles Lewis-Skelly;eng ENG;Arsenal;18;2006;20;5;709;07.sep;0;0;0;0;0;0;3;0;0.00;0.00;0.00;0.00;0.00;Matches
Rk;Player;Nation;Squad;Age;Born;MP;Starts;Min;90s;Gls;Ast;G+A;G-PK;PK;PKatt;CrdY;CrdR;Gls;Ast;G+A;G-PK;G+A-PK;Matches
301;Matthijs de Ligt;nl NED;Manchester Utd;25;1999;13;13;1,17;13.0;1;0;1;1;0;0;0;0;0.08;0.00;0.08;0.08;0.08;Matches
302;Pedro Lima;br BRA;Wolves;19;2006;9;3;260;02.sep;0;0;0;0;0;0;0;0;0.00;0.00;0.00;0.00;0.00;Matches
303;Victor Lindelöf;se SWE;Aston Villa;31;1994;17;11;948;10.mai;0;1;1;0;0;0;0;0;0.00;0.09;0.09;0.00;0.09;Matches
304;Valentino Livramento;eng ENG;Newcastle United;22;2002;17;14;1,328;14.aug;0;1;1;0;0;0;1;0;0.00;0.07;0.07;0.00;0.07;Matches
305;Sean Longstaff;eng ENG;Leeds United;27;1997;23;10;1,011;11.feb;2;2;4;2;0;0;2;0;0.18;0.18;0.36;0.18;0.36;Matches
306;Fer López;es ESP;Wolves;21;2004;9;2;235;02.jun;0;1;1;0;0;0;1;0;0.00;0.38;0.38;0.00;0.38;Matches
307;Lucas;br BRA;Burnley;24;2001;20;15;1,409;15.jul;0;0;0;0;0;0;1;1;0.00;0.00;0.00;0.00;0.00;Matches
308;Lorenzo Lucca;it ITA;Nottingham Forest;24;2000;4;1;129;01.apr;1;0;1;1;0;0;0;0;0.70;0.00;0.70;0.70;0.70;Matches
309;Florentino Luís;pt POR;Burnley;25;1999;31;25;2,105;23.apr;0;2;2;0;0;0;6;0;0.00;0.09;0.09;0.00;0.09;Matches
310;Douglas Luiz;br BRA;Aston Villa;27;1998;13;7;604;06.jul;1;0;1;1;0;0;1;0;0.15;0.00;0.15;0.15;0.15;Matches
311;Douglas Luiz;br BRA;Nottingham Forest;27;1998;8;5;315;03.mai;0;0;0;0;0;0;2;0;0.00;0.00;0.00;0.00;0.00;Matches
312;Saša Lukić;rs SRB;Fulham;28;1996;26;20;1,734;19.mar;1;2;3;1;0;0;9;0;0.05;0.10;0.16;0.05;0.16;Matches
313;Ian Maatsen;nl NED;Aston Villa;23;2002;30;17;1,605;17.aug;0;1;1;0;0;0;2;0;0.00;0.06;0.06;0.00;0.06;Matches
314;Alexis Mac Allister;ar ARG;Liverpool;26;1998;37;31;2,658;29.mai;2;4;6;2;0;0;7;0;0.07;0.14;0.20;0.07;0.20;Matches
315;James Maddison;eng ENG;Tottenham Hotspur;28;1996;3;0;37;0.4;0;0;0;0;0;0;0;0;0.00;0.00;0.00;0.00;0.00;Matches
316;Noni Madueke;eng ENG;Arsenal;23;2002;26;16;1,211;13.mai;3;1;4;3;0;0;0;0;0.22;0.07;0.30;0.22;0.30;Matches
317;Gabriel Magalhães;br BRA;Arsenal;27;1997;32;30;2,751;30.jun;3;4;7;3;0;0;4;0;0.10;0.13;0.23;0.10;0.23;Matches
318;Soungoutou Magassa;fr FRA;West Ham United;21;2003;22;11;981;10.sep;1;0;1;1;0;0;4;0;0.09;0.00;0.09;0.09;0.09;Matches
319;Harry Maguire;eng ENG;Manchester Utd;32;1993;23;19;1,653;18.apr;1;2;3;1;0;0;3;1;0.05;0.11;0.16;0.05;0.16;Matches
320;Kobbie Mainoo;eng ENG;Manchester Utd;20;2005;28;16;1,662;18.mai;1;2;3;1;0;0;2;0;0.05;0.11;0.16;0.05;0.16;Matches
321;Tyrell Malacia;nl NED;Manchester Utd;25;1999;3;0;18;0.2;0;0;0;0;0;0;0;0;0.00;0.00;0.00;0.00;0.00;Matches
322;Donyell Malen;nl NED;Aston Villa;26;1999;21;5;656;07.mar;4;1;5;4;0;0;0;0;0.55;0.14;0.69;0.55;0.69;Matches
323;Giorgi Mamardashvili;ge GEO;Liverpool;24;2000;10;10;867;09.jun;0;0;0;0;0;0;0;0;0.00;0.00;0.00;0.00;0.00;Matches
324;Reinildo Mandava;mz MOZ;Sunderland;31;1994;25;23;1,966;21.aug;0;1;1;0;0;0;7;1;0.00;0.05;0.05;0.00;0.05;Matches
325;Mateus Mane;pt POR;Wolves;17;2007;27;19;1,795;19.sep;3;1;4;3;0;0;0;0;0.15;0.05;0.20;0.15;0.20;Matches
Rk;Player;Nation;Squad;Age;Born;MP;Starts;Min;90s;Gls;Ast;G+A;G-PK;PK;PKatt;CrdY;CrdR;Gls;Ast;G+A;G-PK;G+A-PK;Matches
326;Bendito Mantato;eng ENG;Manchester Utd;17;2008;1;0;16;0.2;0;0;0;0;0;0;0;0;0.00;0.00;0.00;0.00;0.00;Matches
327;Solly March;eng ENG;Brighton;31;1994;4;0;41;0.5;0;0;0;0;0;0;0;0;0.00;0.00;0.00;0.00;0.00;Matches
328;Omar Marmoush;eg EGY;Manchester City;26;1999;21;8;700;07.aug;3;3;6;3;0;0;3;0;0.39;0.39;0.77;0.39;0.77;Matches
329;Callum Marshall;nir NIR;West Ham United;20;2004;2;0;60;0.7;0;0;0;0;0;0;0;0;0.00;0.00;0.00;0.00;0.00;Matches
330;Gabriel Martinelli;br BRA;Arsenal;24;2001;30;11;1,081;12.0;1;4;5;1;0;0;3;0;0.08;0.33;0.42;0.08;0.42;Matches
331;Emiliano Martínez;ar ARG;Aston Villa;32;1992;32;32;2,835;31.mai;0;1;1;0;0;0;2;0;0.00;0.03;0.03;0.00;0.03;Matches
332;Lisandro Martínez;ar ARG;Manchester Utd;27;1998;18;13;1,233;13.jul;0;0;0;0;0;0;0;1;0.00;0.00;0.00;0.00;0.00;Matches
333;Arthur Masuaku;cd COD;Sunderland;31;1993;3;2;126;01.apr;0;0;0;0;0;0;1;0;0.00;0.00;0.00;0.00;0.00;Matches
334;Pape Matar Sarr;sn SEN;Tottenham Hotspur;22;2002;26;13;1,397;15.mai;2;4;6;2;0;0;3;0;0.13;0.26;0.39;0.13;0.39;Matches
335;Jean-Philippe Mateta;fr FRA;Crystal Palace;28;1997;32;25;2,218;24.jun;12;0;12;8;4;4;2;0;0.49;0.00;0.49;0.32;0.32;Matches
336;Konstantinos Mavropanos;gr GRE;West Ham United;27;1997;31;27;2,534;28.feb;3;0;3;3;0;0;2;0;0.11;0.00;0.11;0.11;0.11;Matches
337;Eliezer Mayenda;es ESP;Sunderland;20;2005;20;8;759;08.apr;2;0;2;2;0;0;0;0;0.24;0.00;0.24;0.24;0.24;Matches
338;Ezra Mayers;bb BRB;West Ham United;18;2007;6;0;117;01.mar;0;0;0;0;0;0;0;0;0.00;0.00;0.00;0.00;0.00;Matches
339;Noussair Mazraoui;ma MAR;Manchester Utd;27;1997;20;11;985;10.sep;0;0;0;0;0;0;3;0;0.00;0.00;0.00;0.00;0.00;Matches
340;Bryan Mbeumo;cm CMR;Manchester Utd;25;1999;33;31;2,609;29.0;11;3;14;11;0;0;4;0;0.38;0.10;0.48;0.38;0.48;Matches
341;James Mcatee;eng ENG;Nottingham Forest;22;2002;14;2;298;03.mar;0;1;1;0;0;0;1;0;0.00;0.30;0.30;0.00;0.30;Matches
342;John McGinn;sct SCO;Aston Villa;30;1994;30;28;2,137;23.jul;5;4;9;5;0;0;5;0;0.21;0.17;0.38;0.21;0.38;Matches
343;Dwight McNeil;eng ENG;Everton;25;1999;22;14;1,168;13.0;0;1;1;0;0;0;1;0;0.00;0.08;0.08;0.00;0.08;Matches
344;Hannibal Mejbri;tn TUN;Burnley;22;2003;27;15;1,229;13.jul;1;4;5;1;0;0;10;0;0.07;0.29;0.37;0.07;0.37;Matches
345;Mikel Merino;es ESP;Arsenal;29;1996;22;10;1,036;11.mai;4;3;7;4;0;0;1;0;0.35;0.26;0.61;0.35;0.61;Matches
346;Shumaira Mheuka;eng ENG;Chelsea;17;2007;1;0;2;0.0;0;0;0;0;0;0;0;0;0.00;0.00;0.00;0.00;0.00;Matches
347;Antoni Milambo;nl NED;Brentford;20;2005;1;1;45;0.5;0;0;0;0;0;0;0;0;0.00;0.00;0.00;0.00;0.00;Matches
348;Nikola Milenković;rs SRB;Nottingham Forest;27;1997;38;37;3,375;37.5;0;0;0;0;0;0;6;0;0.00;0.00;0.00;0.00;0.00;Matches
349;Lewis Miley;eng ENG;Newcastle United;19;2006;23;15;1,496;16.jun;1;4;5;1;0;0;0;0;0.06;0.24;0.30;0.06;0.30;Matches
350;James Milner;eng ENG;Brighton;39;1986;20;7;784;08.jul;1;1;2;0;1;1;2;0;0.11;0.11;0.23;0.00;0.11;Matches
Rk;Player;Nation;Squad;Age;Born;MP;Starts;Min;90s;Gls;Ast;G+A;G-PK;PK;PKatt;CrdY;CrdR;Gls;Ast;G+A;G-PK;G+A-PK;Matches
351;Veljko Milosavljević;rs SRB;Bournemouth;18;2007;7;4;368;04.jan;0;0;0;0;0;0;0;0;0.00;0.00;0.00;0.00;0.00;Matches
352;Tyrone Mings;eng ENG;Aston Villa;32;1993;17;15;1,324;14.jul;0;0;0;0;0;0;1;0;0.00;0.00;0.00;0.00;0.00;Matches
353;Yankuba Minteh;gm GAM;Brighton;21;2004;34;26;2,391;26.jun;3;4;7;3;0;0;3;0;0.11;0.15;0.26;0.11;0.26;Matches
354;Tyrick Mitchell;eng ENG;Crystal Palace;25;1999;38;36;3,251;36.1;1;2;3;1;0;0;6;0;0.03;0.06;0.08;0.03;0.08;Matches
355;Kaoru Mitoma;jp JPN;Brighton;28;1997;25;19;1,721;19.jan;3;1;4;3;0;0;5;0;0.16;0.05;0.21;0.16;0.21;Matches
356;Morato;br BRA;Nottingham Forest;24;2001;21;14;1,345;14.sep;1;0;1;1;0;0;5;0;0.07;0.00;0.07;0.07;0.07;Matches
357;Cristhian Mosquera;es ESP;Arsenal;21;2004;20;9;994;11.0;0;0;0;0;0;0;4;0;0.00;0.00;0.00;0.00;0.00;Matches
358;Yerson Mosquera;co COL;Wolves;24;2001;27;24;2,136;23.jul;0;0;0;0;0;0;12;0;0.00;0.00;0.00;0.00;0.00;Matches
359;Mason Mount;eng ENG;Manchester Utd;26;1999;23;12;1,017;11.mar;3;0;3;3;0;0;2;0;0.27;0.00;0.27;0.27;0.27;Matches
360;Divine Mukasa;eng ENG;Manchester City;17;2007;2;0;27;0.3;0;0;0;0;0;0;0;0;0.00;0.00;0.00;0.00;0.00;Matches
361;Nordi Mukiele;fr FRA;Sunderland;27;1997;32;32;2,784;30.sep;3;3;6;3;0;0;5;0;0.10;0.10;0.19;0.10;0.19;Matches
362;Romaine Mundle;eng ENG;Sunderland;22;2003;14;2;411;04.jun;0;0;0;0;0;0;1;0;0.00;0.00;0.00;0.00;0.00;Matches
363;Marshall Munetsi;zw ZIM;Wolves;29;1996;13;9;875;09.jul;1;1;2;1;0;0;2;0;0.10;0.10;0.21;0.10;0.21;Matches
364;Rodrigo Muniz;br BRA;Fulham;24;2001;21;10;1;11.jan;1;1;2;1;0;0;2;0;0.09;0.09;0.18;0.09;0.18;Matches
365;Daniel Muñoz;co COL;Crystal Palace;29;1996;29;29;2,399;26.jul;4;3;7;4;0;0;7;0;0.15;0.11;0.26;0.15;0.26;Matches
366;Murillo;br BRA;Nottingham Forest;23;2002;25;25;2,13;23.jul;1;0;1;1;0;0;5;0;0.04;0.00;0.04;0.04;0.04;Matches
367;Alex Murphy;ie IRL;Newcastle United;21;2004;2;0;9;0.1;0;0;0;0;0;0;0;0;0.00;0.00;0.00;0.00;0.00;Matches
368;Jacob Murphy;eng ENG;Newcastle United;30;1995;33;19;1,617;18.0;3;2;5;3;0;0;2;0;0.17;0.11;0.28;0.17;0.28;Matches
369;Vitaliy Mykolenko;ua UKR;Everton;26;1999;33;33;2,958;32.9;0;1;1;0;0;0;6;0;0.00;0.03;0.03;0.00;0.03;Matches
370;David Møller Wolfe;no NOR;Wolves;23;2002;22;11;1,049;11.jul;0;2;2;0;0;0;1;0;0.00;0.17;0.17;0.00;0.17;Matches
371;Iliman Ndiaye;sn SEN;Everton;25;2000;32;32;2,778;30.sep;6;3;9;4;2;2;2;0;0.19;0.10;0.29;0.13;0.23;Matches
372;Dan Ndoye;ch SUI;Nottingham Forest;24;2000;24;14;1,173;13.0;1;1;2;1;0;0;1;0;0.08;0.08;0.15;0.08;0.15;Matches
373;Sean Neave;eng ENG;Newcastle United;18;2007;1;0;14;0.2;0;0;0;0;0;0;0;0;0.00;0.00;0.00;0.00;0.00;Matches
374;Dan Neil;eng ENG;Sunderland;23;2001;3;0;14;0.2;0;0;0;0;0;0;0;0;0.00;0.00;0.00;0.00;0.00;Matches
375;Reiss Nelson;eng ENG;Brentford;25;1999;10;0;126;01.apr;0;1;1;0;0;0;0;0;0.00;0.71;0.71;0.00;0.71;Matches
Rk;Player;Nation;Squad;Age;Born;MP;Starts;Min;90s;Gls;Ast;G+A;G-PK;PK;PKatt;CrdY;CrdR;Gls;Ast;G+A;G-PK;G+A-PK;Matches
376;Pedro Neto;pt POR;Chelsea;25;2000;34;30;2,631;29.2;5;6;11;5;0;0;4;1;0.17;0.21;0.38;0.17;0.38;Matches
377;Luca Netz;de GER;Nottingham Forest;22;2003;7;3;357;4.0;0;0;0;0;0;0;0;0;0.00;0.00;0.00;0.00;0.00;Matches
378;Rio Ngumoha;eng ENG;Liverpool;16;2008;19;5;560;06.feb;2;1;3;2;0;0;0;0;0.32;0.16;0.48;0.32;0.48;Matches
379;Eddie Nketiah;eng ENG;Crystal Palace;26;1999;12;2;424;04.jul;2;0;2;2;0;0;2;0;0.42;0.00;0.42;0.42;0.42;Matches
380;Lukas Nmecha;de GER;Leeds United;26;1998;31;10;1,083;12.0;6;1;7;4;2;3;0;0;0.50;0.08;0.58;0.33;0.42;Matches
381;Matheus Nunes;pt POR;Manchester City;26;1998;34;32;2,862;31.aug;1;5;6;1;0;0;5;0;0.03;0.16;0.19;0.03;0.19;Matches
382;Ethan Nwaneri;eng ENG;Arsenal;18;2007;6;0;171;01.sep;0;0;0;0;0;0;0;0;0.00;0.00;0.00;0.00;0.00;Matches
383;Trey Nyoni;eng ENG;Liverpool;18;2007;6;0;24;0.3;0;0;0;0;0;0;0;0;0.00;0.00;0.00;0.00;0.00;Matches
384;Christian Nørgaard;dk DEN;Arsenal;31;1994;7;1;106;01.feb;0;0;0;0;0;0;0;0;0.00;0.00;0.00;0.00;0.00;Matches
385;Jake O'Brien;ie IRL;Everton;24;2001;37;35;3,12;34.7;1;1;2;1;0;0;6;1;0.03;0.03;0.06;0.03;0.06;Matches
386;Luke O'Nien;eng ENG;Sunderland;30;1994;12;5;569;06.mar;0;1;1;0;0;0;1;1;0.00;0.16;0.16;0.00;0.16;Matches
387;Matt O'Riley;dk DEN;Brighton;24;2000;6;2;204;02.mar;1;0;1;0;1;1;0;0;0.44;0.00;0.44;0.00;0.00;Matches
388;Wilson Odobert;fr FRA;Tottenham Hotspur;20;2004;24;10;985;10.sep;0;2;2;0;0;0;0;0;0.00;0.18;0.18;0.00;0.18;Matches
389;Noah Okafor;ch SUI;Leeds United;25;2000;28;19;1,561;17.mar;8;1;9;8;0;0;3;0;0.46;0.06;0.52;0.46;0.52;Matches
390;Callum Olusesi;eng ENG;Tottenham Hotspur;18;2007;1;0;15;0.2;0;0;0;0;0;0;0;0;0.00;0.00;0.00;0.00;0.00;Matches
391;Amadou Onana;be BEL;Aston Villa;23;2001;25;21;1,758;19.mai;2;0;2;2;0;0;3;0;0.10;0.00;0.10;0.10;0.10;Matches
392;Frank Onyeka;ng NGA;Brentford;27;1998;6;0;92;1.0;0;1;1;0;0;0;0;0;0.00;0.98;0.98;0.00;0.98;Matches
393;Nehemiah Oriola;eng ENG;Brighton;18;2007;1;0;1;0.0;0;0;0;0;0;0;0;0;0.00;0.00;0.00;0.00;0.00;Matches
394;Stefan Ortega;de GER;Nottingham Forest;32;1992;3;3;270;3.0;0;0;0;0;0;0;0;0;0.00;0.00;0.00;0.00;0.00;Matches
395;William Osula;dk DEN;Newcastle United;21;2003;24;8;819;09.jan;7;0;7;7;0;0;0;0;0.77;0.00;0.77;0.77;0.77;Matches
396;Dango Ouattara;bf BFA;Brentford;23;2002;32;25;2,276;25.mar;7;3;10;7;0;0;5;0;0.28;0.12;0.40;0.28;0.40;Matches
397;Nico O’Reilly;eng ENG;Manchester City;20;2005;34;29;2,646;29.apr;5;3;8;5;0;0;5;0;0.17;0.10;0.27;0.17;0.27;Matches
398;Pablo;br BRA;West Ham United;21;2004;14;10;823;09.jan;0;1;1;0;0;0;0;0;0.00;0.11;0.11;0.00;0.11;Matches
399;João Palhinha;pt POR;Tottenham Hotspur;30;1995;33;23;2,199;24.apr;5;2;7;5;0;0;8;0;0.20;0.08;0.29;0.20;0.29;Matches
400;Cole Palmer;eng ENG;Chelsea;23;2002;26;24;1,955;21.jul;10;1;11;5;5;6;5;0;0.46;0.05;0.51;0.23;0.28;Matches
Rk;Player;Nation;Squad;Age;Born;MP;Starts;Min;90s;Gls;Ast;G+A;G-PK;PK;PKatt;CrdY;CrdR;Gls;Ast;G+A;G-PK;G+A-PK;Matches
401;Lucas Paquetá;br BRA;West Ham United;27;1997;18;18;1,511;16.aug;4;1;5;2;2;2;7;1;0.24;0.06;0.30;0.12;0.18;Matches
402;Nathan Patterson;sct SCO;Everton;23;2001;7;3;241;02.jul;0;0;0;0;0;0;0;0;0.00;0.00;0.00;0.00;0.00;Matches
403;Myles Peart-Harris;eng ENG;Brentford;22;2002;1;0;1;0.0;0;0;0;0;0;0;0;0;0.00;0.00;0.00;0.00;0.00;Matches
404;Lucas Perri;br BRA;Leeds United;27;1997;16;16;1,44;16.0;0;0;0;0;0;0;2;0;0.00;0.00;0.00;0.00;0.00;Matches
405;Đorđe Petrović;rs SRB;Bournemouth;25;1999;38;38;3,42;38.0;0;0;0;0;0;0;3;0;0.00;0.00;0.00;0.00;0.00;Matches
406;Jordan Pickford;eng ENG;Everton;31;1994;38;38;3,42;38.0;0;0;0;0;0;0;4;0;0.00;0.00;0.00;0.00;0.00;Matches
407;Ethan Pinnock;jm JAM;Brentford;32;1993;4;4;318;03.mai;0;0;0;0;0;0;1;0;0.00;0.00;0.00;0.00;0.00;Matches
408;Yeremi Pino;es ESP;Crystal Palace;22;2002;34;26;2,08;23.jan;2;2;4;2;0;0;4;0;0.09;0.09;0.17;0.09;0.17;Matches
409;Joël Piroe;sr SUR;Leeds United;25;1999;16;2;258;02.sep;0;0;0;0;0;0;0;0;0.00;0.00;0.00;0.00;0.00;Matches
410;Nick Pope;eng ENG;Newcastle United;33;1992;27;27;2,416;26.aug;0;0;0;0;0;0;2;0;0.00;0.00;0.00;0.00;0.00;Matches
411;Pedro Porro;es ESP;Tottenham Hotspur;25;1999;34;32;2,796;31.jan;1;2;3;1;0;0;10;0;0.03;0.06;0.10;0.03;0.10;Matches
412;Freddie Potts;eng ENG;West Ham United;21;2003;22;12;1,171;13.0;0;1;1;0;0;0;1;0;0.00;0.08;0.08;0.00;0.08;Matches
413;Aaron Ramsdale;eng ENG;Newcastle United;27;1998;12;11;1,004;11.feb;0;0;0;0;0;0;2;0;0.00;0.00;0.00;0.00;0.00;Matches
414;Jacob Ramsey;eng ENG;Newcastle United;24;2001;28;15;1,45;16.jan;2;3;5;2;0;0;5;1;0.12;0.19;0.31;0.12;0.31;Matches
415;David Raya;es ESP;Arsenal;29;1995;37;37;3,33;37.0;0;0;0;0;0;0;1;0;0.00;0.00;0.00;0.00;0.00;Matches
416;Rayan;br BRA;Bournemouth;18;2006;15;13;1,111;12.mar;5;2;7;5;0;0;1;0;0.41;0.16;0.57;0.41;0.57;Matches
417;Harrison Reed;eng ENG;Fulham;30;1995;7;1;94;1.0;1;0;1;1;0;0;0;0;0.96;0.00;0.96;0.96;0.96;Matches
418;Tijjani Reijnders;nl NED;Manchester City;27;1998;28;19;1,631;18.jan;5;2;7;5;0;0;2;0;0.28;0.11;0.39;0.28;0.39;Matches
419;Chadi Riad;ma MAR;Crystal Palace;22;2003;9;6;552;06.jan;0;1;1;0;0;0;2;0;0.00;0.16;0.16;0.00;0.16;Matches
420;Declan Rice;eng ENG;Arsenal;26;1999;36;35;3,094;34.4;4;5;9;4;0;0;3;0;0.12;0.15;0.26;0.12;0.26;Matches
421;Chris Richards;us USA;Crystal Palace;25;2000;33;31;2,827;31.4;1;0;1;1;0;0;4;0;0.03;0.00;0.03;0.03;0.03;Matches
422;Richarlison;br BRA;Tottenham Hotspur;28;1997;32;20;1,964;21.aug;11;4;15;11;0;0;5;0;0.50;0.18;0.69;0.50;0.69;Matches
423;Chris Rigg;eng ENG;Sunderland;18;2007;18;11;761;08.mai;1;1;2;1;0;0;1;0;0.12;0.12;0.24;0.12;0.24;Matches
424;Patrick Roberts;eng ENG;Sunderland;28;1997;1;0;28;0.3;0;0;0;0;0;0;0;0;0.00;0.00;0.00;0.00;0.00;Matches
425;Andrew Robertson;sct SCO;Liverpool;31;1994;24;11;1,176;13.jan;1;0;1;1;0;0;0;0;0.08;0.00;0.08;0.08;0.08;Matches
Rk;Player;Nation;Squad;Age;Born;MP;Starts;Min;90s;Gls;Ast;G+A;G-PK;PK;PKatt;CrdY;CrdR;Gls;Ast;G+A;G-PK;G+A-PK;Matches
426;Antonee Robinson;us USA;Fulham;27;1997;22;17;1,492;16.jun;1;0;1;0;1;1;5;0;0.06;0.00;0.06;0.00;0.00;Matches
427;Kaden Rodney;eng ENG;Crystal Palace;20;2004;1;0;4;0.0;0;0;0;0;0;0;0;0;0.00;0.00;0.00;0.00;0.00;Matches
428;Joe Rodon;wls WAL;Leeds United;27;1997;35;33;2,951;32.8;2;0;2;2;0;0;3;0;0.06;0.00;0.06;0.06;0.06;Matches
429;Rodri;es ESP;Manchester City;29;1996;21;17;1,511;16.aug;1;0;1;1;0;0;3;0;0.06;0.00;0.06;0.06;0.06;Matches
430;Guido Rodríguez;ar ARG;West Ham United;31;1994;6;2;180;2.0;0;0;0;0;0;0;1;0;0.00;0.00;0.00;0.00;0.00;Matches
431;Robin Roefs;nl NED;Sunderland;22;2003;35;35;3,15;35.0;0;0;0;0;0;0;4;0;0.00;0.00;0.00;0.00;0.00;Matches
432;Morgan Rogers;eng ENG;Aston Villa;23;2002;37;37;3,28;36.4;10;6;16;10;0;0;7;0;0.27;0.16;0.44;0.27;0.44;Matches
433;Merlin Röhl;de GER;Everton;23;2002;16;6;682;07.jun;1;0;1;1;0;0;0;0;0.13;0.00;0.13;0.13;0.13;Matches
434;Cristian Romero;ar ARG;Tottenham Hotspur;27;1998;23;22;1,868;20.aug;4;1;5;4;0;0;11;2;0.19;0.05;0.24;0.19;0.24;Matches
435;James Rowswell;eng ENG;Tottenham Hotspur;19;2006;1;0;1;0.0;0;0;0;0;0;0;0;0;0.00;0.00;0.00;0.00;0.00;Matches
436;Georginio Rutter;fr FRA;Brighton;23;2002;32;20;1,786;19.aug;3;3;6;3;0;0;2;0;0.15;0.15;0.30;0.15;0.30;Matches
437;José Sá;pt POR;Wolves;32;1993;23;23;2,07;23.0;0;0;0;0;0;0;2;0;0.00;0.00;0.00;0.00;0.00;Matches
438;Noah Sadiki;cd COD;Sunderland;20;2004;33;33;2,889;32.1;0;1;1;0;0;0;9;0;0.00;0.03;0.03;0.00;0.03;Matches
439;Bukayo Saka;eng ENG;Arsenal;23;2001;31;25;2,222;24.jul;7;5;12;6;1;1;2;0;0.28;0.20;0.49;0.24;0.45;Matches
440;Mohamed Salah;eg EGY;Liverpool;33;1992;27;23;2,146;23.aug;7;7;14;6;1;1;1;0;0.29;0.29;0.59;0.25;0.55;Matches
441;William Saliba;fr FRA;Arsenal;24;2001;31;30;2,614;29.0;1;0;1;1;0;0;2;0;0.03;0.00;0.03;0.03;0.03;Matches
442;Robert Sánchez;es ESP;Chelsea;27;1997;35;35;3,039;33.8;0;1;1;0;0;0;3;1;0.00;0.03;0.03;0.00;0.03;Matches
443;Jadon Sancho;eng ENG;Aston Villa;25;2000;23;9;876;09.jul;0;2;2;0;0;0;0;0;0.00;0.21;0.21;0.00;0.21;Matches
444;Ibrahim Sangaré;ci CIV;Nottingham Forest;27;1997;28;25;2,075;23.jan;2;2;4;2;0;0;5;0;0.09;0.09;0.17;0.09;0.17;Matches
445;Andrey Santos;br BRA;Chelsea;21;2004;27;13;1,26;14.0;1;0;1;1;0;0;4;0;0.07;0.00;0.07;0.07;0.07;Matches
446;Ismaila Sarr;sn SEN;Crystal Palace;27;1998;28;24;2,174;24.feb;9;1;10;6;3;3;2;0;0.37;0.04;0.41;0.25;0.29;Matches
447;Mamadou Sarr;sn SEN;Chelsea;19;2005;3;1;102;01.jan;0;0;0;0;0;0;0;0;0.00;0.00;0.00;0.00;0.00;Matches
448;Sávio;br BRA;Manchester City;21;2004;24;7;833;09.mar;1;1;2;1;0;0;2;0;0.11;0.11;0.22;0.11;0.22;Matches
449;Nicolò Savona;it ITA;Nottingham Forest;22;2003;14;11;1,028;11.apr;2;0;2;2;0;0;2;0;0.18;0.00;0.18;0.18;0.18;Matches
450;Oliver Scarles;eng ENG;West Ham United;19;2005;13;9;659;07.mar;0;0;0;0;0;0;2;0;0.00;0.00;0.00;0.00;0.00;Matches
Rk;Player;Nation;Squad;Age;Born;MP;Starts;Min;90s;Gls;Ast;G+A;G-PK;PK;PKatt;CrdY;CrdR;Gls;Ast;G+A;G-PK;G+A-PK;Matches
451;Dane Scarlett;eng ENG;Tottenham Hotspur;21;2004;2;0;9;0.1;0;0;0;0;0;0;0;0;0.00;0.00;0.00;0.00;0.00;Matches
452;Kevin Schade;de GER;Brentford;23;2001;35;32;2,745;30.mai;8;3;11;8;0;1;6;1;0.26;0.10;0.36;0.26;0.36;Matches
453;Fabian Schär;ch SUI;Newcastle United;33;1991;16;11;1,091;12.jan;0;0;0;0;0;0;1;0;0.00;0.00;0.00;0.00;0.00;Matches
454;Alex Scott;eng ENG;Bournemouth;21;2003;37;34;2,849;31.jul;3;1;4;3;0;0;5;0;0.09;0.03;0.13;0.09;0.13;Matches
455;Jenson Seelt;nl NED;Sunderland;22;2003;2;1;134;01.mai;0;0;0;0;0;0;0;0;0.00;0.00;0.00;0.00;0.00;Matches
456;Matz Sels;be BEL;Nottingham Forest;33;1992;31;30;2,668;29.jun;0;0;0;0;0;0;2;0;0.00;0.00;0.00;0.00;0.00;Matches
457;Antoine Semenyo;gh GHA;Manchester City;25;2000;17;17;1,397;15.mai;7;1;8;7;0;0;1;0;0.45;0.06;0.52;0.45;0.52;Matches
458;Antoine Semenyo;gh GHA;Bournemouth;25;2000;20;20;1,798;20.0;10;3;13;9;1;2;6;0;0.50;0.15;0.65;0.45;0.60;Matches
459;Marcos Senesi;ar ARG;Bournemouth;28;1997;37;37;3,288;36.5;0;5;5;0;0;0;8;0;0.00;0.14;0.14;0.00;0.14;Matches
460;Benjamin Šeško;si SVN;Manchester Utd;22;2003;30;17;1,643;18.mar;11;1;12;11;0;0;2;0;0.60;0.05;0.66;0.60;0.66;Matches
461;Ryan Sessegnon;eng ENG;Fulham;25;2000;27;20;1,823;20.mar;3;1;4;3;0;0;0;0;0.15;0.05;0.20;0.15;0.20;Matches
462;Luke Shaw;eng ENG;Manchester Utd;30;1995;38;38;3,219;35.8;1;1;2;1;0;0;9;0;0.03;0.03;0.06;0.03;0.06;Matches
463;Bernardo Silva;pt POR;Manchester City;30;1994;38;34;2,872;31.9;2;4;6;2;0;0;10;0;0.06;0.13;0.19;0.06;0.19;Matches
464;Jota Silva;pt POR;Nottingham Forest;25;1999;1;0;12;0.1;0;0;0;0;0;0;0;0;0.00;0.00;0.00;0.00;0.00;Matches
465;Xavi Simons;nl NED;Tottenham Hotspur;22;2003;28;19;1,755;19.mai;2;5;7;2;0;0;5;1;0.10;0.26;0.36;0.10;0.36;Matches
466;Adam Smith;eng ENG;Bournemouth;34;1991;22;14;1,077;12.0;0;2;2;0;0;0;3;0;0.00;0.17;0.17;0.00;0.17;Matches
467;Emile Smith Rowe;eng ENG;Fulham;25;2000;37;22;1,923;21.apr;3;0;3;3;0;0;1;0;0.14;0.00;0.14;0.14;0.14;Matches
468;Dominic Solanke;eng ENG;Tottenham Hotspur;27;1997;15;11;1,001;11.jan;3;0;3;3;0;0;1;0;0.27;0.00;0.27;0.27;0.27;Matches
469;Julio Soler;ar ARG;Bournemouth;20;2005;3;0;35;0.4;0;0;0;0;0;0;0;0;0.00;0.00;0.00;0.00;0.00;Matches
470;Oliver Sonne;pe PER;Burnley;24;2000;7;1;169;01.sep;1;0;1;1;0;0;0;0;0.53;0.00;0.53;0.53;0.53;Matches
471;Borna Sosa;hr CRO;Crystal Palace;27;1998;7;0;101;01.jan;0;0;0;0;0;0;1;0;0.00;0.00;0.00;0.00;0.00;Matches
472;Tomáš Souček;cz CZE;West Ham United;30;1995;35;24;2,2;24.apr;5;0;5;5;0;0;3;1;0.20;0.00;0.20;0.20;0.20;Matches
473;Souza;br BRA;Tottenham Hotspur;19;2006;4;2;144;01.jun;0;0;0;0;0;0;1;0;0.00;0.00;0.00;0.00;0.00;Matches
474;Djed Spence;eng ENG;Tottenham Hotspur;24;2000;30;23;2,055;22.aug;0;0;0;0;0;0;4;0;0.00;0.00;0.00;0.00;0.00;Matches
475;Anton Stach;de GER;Leeds United;26;1998;29;28;2,37;26.mar;5;3;8;5;0;0;3;0;0.19;0.11;0.30;0.19;0.30;Matches
Rk;Player;Nation;Squad;Age;Born;MP;Starts;Min;90s;Gls;Ast;G+A;G-PK;PK;PKatt;CrdY;CrdR;Gls;Ast;G+A;G-PK;G+A-PK;Matches
476;John Stones;eng ENG;Manchester City;31;1994;9;5;439;04.sep;0;0;0;0;0;0;0;0;0.00;0.00;0.00;0.00;0.00;Matches
477;Jørgen Strand Larsen;no NOR;Wolves;25;2000;22;14;1,404;15.jun;1;1;2;0;1;2;2;0;0.06;0.06;0.13;0.00;0.06;Matches
478;Jørgen Strand Larsen;no NOR;Crystal Palace;25;2000;14;12;903;10.0;3;0;3;3;0;0;2;0;0.30;0.00;0.30;0.30;0.30;Matches
479;Pascal Struijk;nl NED;Leeds United;25;1999;34;33;2,936;32.6;0;1;1;0;0;0;5;0;0.00;0.03;0.03;0.00;0.03;Matches
480;Crysencio Summerville;nl NED;West Ham United;23;2001;31;29;2,47;27.apr;5;2;7;5;0;0;6;0;0.18;0.07;0.26;0.18;0.26;Matches
481;Dominik Szoboszlai;hu HUN;Liverpool;24;2000;36;36;3,231;35.9;6;7;13;6;0;1;8;1;0.17;0.19;0.36;0.17;0.36;Matches
482;Jocelin Ta Bi;ci CIV;Sunderland;20;2005;1;1;38;0.4;0;0;0;0;0;0;0;0;0.00;0.00;0.00;0.00;0.00;Matches
483;Chemsdine Talbi;ma MAR;Sunderland;20;2005;28;16;1,561;17.mar;4;1;5;4;0;0;0;0;0.23;0.06;0.29;0.23;0.29;Matches
484;Ao Tanaka;jp JPN;Leeds United;26;1998;28;14;1,315;14.jun;2;0;2;2;0;0;1;0;0.14;0.00;0.14;0.14;0.14;Matches
485;James Tarkowski;eng ENG;Everton;32;1992;37;37;3,33;37.0;2;3;5;2;0;0;8;0;0.05;0.08;0.14;0.05;0.14;Matches
486;Marcus Tavernier;eng ENG;Bournemouth;26;1999;34;31;2,732;30.apr;7;4;11;5;2;2;6;0;0.23;0.13;0.36;0.16;0.30;Matches
487;Loum Tchaouna;fr FRA;Burnley;21;2003;29;14;1,272;14.jan;2;1;3;2;0;0;2;0;0.14;0.07;0.21;0.14;0.21;Matches
488;Jackson Tchatchoua;cm CMR;Wolves;23;2001;31;19;1,845;20.mai;0;1;1;0;0;0;3;0;0.00;0.05;0.05;0.00;0.05;Matches
489;Mathys Tel;fr FRA;Tottenham Hotspur;20;2005;31;13;1,349;15.0;4;1;5;4;0;0;1;0;0.27;0.07;0.33;0.27;0.33;Matches
490;Kenny Tete;nl NED;Fulham;29;1995;22;21;1,791;19.sep;1;0;1;1;0;0;2;0;0.05;0.00;0.05;0.05;0.05;Matches
491;Igor Thiago;br BRA;Brentford;24;2001;38;37;3,282;36.5;22;1;23;14;8;9;7;0;0.60;0.03;0.63;0.38;0.41;Matches
492;Malick Thiaw;de GER;Newcastle United;23;2001;35;33;2,965;32.9;4;0;4;4;0;0;4;0;0.12;0.00;0.12;0.12;0.12;Matches
493;Youri Tielemans;be BEL;Aston Villa;28;1997;25;21;1,862;20.jul;0;4;4;0;0;0;0;0;0.00;0.19;0.19;0.00;0.19;Matches
494;Jurriën Timber;nl NED;Arsenal;24;2001;30;28;2,454;27.mar;3;5;8;3;0;0;5;0;0.11;0.18;0.29;0.11;0.29;Matches
495;Jean-Clair Todibo;fr FRA;West Ham United;25;1999;23;22;1,814;20.feb;0;1;1;0;0;0;5;1;0.00;0.05;0.05;0.00;0.05;Matches
496;Sandro Tonali;it ITA;Newcastle United;25;2000;35;31;2,534;28.feb;0;2;2;0;0;0;4;0;0.00;0.07;0.07;0.00;0.07;Matches
497;Pau Torres;es ESP;Aston Villa;28;1997;21;18;1,676;18.jun;0;0;0;0;0;0;1;0;0.00;0.00;0.00;0.00;0.00;Matches
498;Alex Tóth;hu HUN;Bournemouth;19;2005;9;2;140;01.jun;0;0;0;0;0;0;1;0;0.00;0.00;0.00;0.00;0.00;Matches
499;James Trafford;eng ENG;Manchester City;22;2002;4;4;360;4.0;0;0;0;0;0;0;0;0;0.00;0.00;0.00;0.00;0.00;Matches
500;Adama Traoré;es ESP;Fulham;29;1996;15;1;274;3.0;0;0;0;0;0;0;0;0;0.00;0.00;0.00;0.00;0.00;Matches
Rk;Player;Nation;Squad;Age;Born;MP;Starts;Min;90s;Gls;Ast;G+A;G-PK;PK;PKatt;CrdY;CrdR;Gls;Ast;G+A;G-PK;G+A-PK;Matches
501;Adama Traoré;es ESP;West Ham United;29;1996;9;0;121;01.mar;0;0;0;0;0;0;1;0;0.00;0.00;0.00;0.00;0.00;Matches
502;Bertrand Traoré;bf BFA;Sunderland;29;1995;12;9;632;7.0;1;0;1;1;0;0;1;0;0.14;0.00;0.14;0.14;0.14;Matches
503;Mike Trésor;be BEL;Burnley;26;1999;6;0;43;0.5;0;0;0;0;0;0;0;0;0.00;0.00;0.00;0.00;0.00;Matches
504;Kieran Trippier;eng ENG;Newcastle United;34;1990;21;18;1,586;17.jun;0;1;1;0;0;0;3;0;0.00;0.06;0.06;0.00;0.06;Matches
505;Leandro Trossard;be BEL;Arsenal;30;1994;31;21;2;22.feb;6;6;12;6;0;0;2;0;0.27;0.27;0.54;0.27;0.54;Matches
506;Adrien Truffert;fr FRA;Bournemouth;23;2001;38;38;3,379;37.5;1;5;6;1;0;0;5;0;0.03;0.13;0.16;0.03;0.16;Matches
507;Axel Tuanzebe;cd COD;Burnley;27;1997;14;14;1,201;13.mar;1;0;1;1;0;0;1;0;0.07;0.00;0.07;0.07;0.07;Matches
508;Stefanos Tzimas;gr GRE;Brighton;19;2006;9;1;139;01.mai;1;1;2;1;0;0;0;0;0.65;0.65;jan.29;0.65;jan.29;Matches
509;Christantus Uche;ng NGA;Crystal Palace;22;2003;14;0;173;01.sep;0;0;0;0;0;0;0;0;0.00;0.00;0.00;0.00;0.00;Matches
510;Destiny Udogie;it ITA;Tottenham Hotspur;22;2002;20;14;1,339;14.sep;0;1;1;0;0;0;4;0;0.00;0.07;0.07;0.00;0.07;Matches
511;Manuel Ugarte;uy URU;Manchester Utd;24;2001;22;8;887;09.sep;0;0;0;0;0;0;1;0;0.00;0.00;0.00;0.00;0.00;Matches
512;Lesley Ugochukwu;fr FRA;Burnley;21;2004;35;27;2,336;26.0;3;1;4;3;0;0;3;1;0.12;0.04;0.15;0.12;0.15;Matches
513;Enes Ünal;tr TUR;Bournemouth;28;1997;23;0;232;02.jun;1;0;1;1;0;0;1;0;0.39;0.00;0.39;0.39;0.39;Matches
514;Hákon Valdimarsson;is ISL;Brentford;23;2001;1;1;90;1.0;0;0;0;0;0;0;0;0;0.00;0.00;0.00;0.00;0.00;Matches
515;Virgil van Dijk;nl NED;Liverpool;34;1991;38;38;3,42;38.0;6;0;6;6;0;0;4;0;0.16;0.00;0.16;0.16;0.16;Matches
516;Joël Veltman;nl NED;Brighton;33;1992;24;9;1,057;11.jul;1;0;1;1;0;0;5;0;0.09;0.00;0.09;0.09;0.09;Matches
517;Micky van de Ven;nl NED;Tottenham Hotspur;24;2001;35;35;3,041;33.8;4;1;5;4;0;0;9;1;0.12;0.03;0.15;0.12;0.15;Matches
518;Bart Verbruggen;nl NED;Brighton;22;2002;38;38;3,42;38.0;0;0;0;0;0;0;3;0;0.00;0.00;0.00;0.00;0.00;Matches
519;Guglielmo Vicario;it ITA;Tottenham Hotspur;28;1996;31;31;2,79;31.0;0;0;0;0;0;0;1;0;0.00;0.00;0.00;0.00;0.00;Matches
520;Kyle Walker;eng ENG;Burnley;35;1990;36;35;3,096;34.4;0;2;2;0;0;0;9;0;0.00;0.06;0.06;0.00;0.06;Matches
521;Kyle Walker-Peters;eng ENG;West Ham United;28;1997;23;15;1,383;15.apr;1;0;1;1;0;0;2;0;0.07;0.00;0.07;0.07;0.07;Matches
522;Aaron Wan-Bissaka;cd COD;West Ham United;27;1997;25;23;2,081;23.jan;0;2;2;0;0;0;4;0;0.00;0.09;0.09;0.00;0.09;Matches
523;James Ward-Prowse;eng ENG;West Ham United;30;1994;5;5;413;04.jun;0;0;0;0;0;0;0;0;0.00;0.00;0.00;0.00;0.00;Matches
524;James Ward-Prowse;eng ENG;Burnley;30;1994;13;7;684;07.jun;0;1;1;0;0;0;1;0;0.00;0.13;0.13;0.00;0.13;Matches
525;Ollie Watkins;eng ENG;Aston Villa;29;1995;37;33;2,839;31.mai;16;3;19;16;0;0;4;0;0.51;0.10;0.60;0.51;0.60;Matches
Rk;Player;Nation;Squad;Age;Born;MP;Starts;Min;90s;Gls;Ast;G+A;G-PK;PK;PKatt;CrdY;CrdR;Gls;Ast;G+A;G-PK;G+A-PK;Matches
526;Tom Watson;eng ENG;Brighton;19;2006;6;0;62;0.7;0;0;0;0;0;0;1;0;0.00;0.00;0.00;0.00;0.00;Matches
527;Max Weiß;de GER;Burnley;21;2004;3;3;270;3.0;0;0;0;0;0;0;0;0;0.00;0.00;0.00;0.00;0.00;Matches
528;Danny Welbeck;eng ENG;Brighton;34;1990;37;26;2,258;25.jan;13;1;14;12;1;3;5;0;0.52;0.04;0.56;0.48;0.52;Matches
529;Adam Wharton;eng ENG;Crystal Palace;21;2004;34;29;2,552;28.apr;1;5;6;1;0;0;6;1;0.04;0.18;0.21;0.04;0.21;Matches
530;Ben White;eng ENG;Arsenal;27;1997;12;9;702;07.aug;0;1;1;0;0;0;0;0;0.00;0.13;0.13;0.00;0.13;Matches
531;Mats Wieffer;nl NED;Brighton;25;1999;26;23;1,903;21.jan;2;3;5;2;0;0;8;0;0.09;0.14;0.24;0.09;0.24;Matches
532;Neco Williams;wls WAL;Nottingham Forest;24;2001;37;36;3,204;35.6;2;3;5;2;0;0;6;1;0.06;0.08;0.14;0.06;0.14;Matches
533;Estêvão Willian;br BRA;Chelsea;18;2007;22;12;848;09.apr;2;2;4;2;0;0;4;0;0.21;0.21;0.42;0.21;0.42;Matches
534;Joe Willock;eng ENG;Newcastle United;25;1999;24;10;983;10.sep;0;2;2;0;0;0;3;0;0.00;0.18;0.18;0.00;0.18;Matches
535;Callum Wilson;eng ENG;West Ham United;33;1992;32;11;1,251;13.sep;7;1;8;7;0;0;1;0;0.50;0.07;0.58;0.50;0.58;Matches
536;Harry Wilson;wls WAL;Fulham;28;1997;36;32;2,673;29.jul;10;7;17;10;0;0;7;0;0.34;0.24;0.57;0.34;0.57;Matches
537;Ben Winterburn;eng ENG;Bournemouth;20;2004;1;0;7;0.1;0;0;0;0;0;0;0;0;0.00;0.00;0.00;0.00;0.00;Matches
538;Florian Wirtz;de GER;Liverpool;22;2003;33;27;2,378;26.apr;5;3;8;5;0;0;1;0;0.19;0.11;0.30;0.19;0.30;Matches
539;Yoane Wissa;cd COD;Newcastle United;28;1996;19;4;531;05.sep;1;0;1;1;0;0;3;0;0.17;0.00;0.17;0.17;0.17;Matches
540;Nick Woltemade;de GER;Newcastle United;23;2002;33;24;1,902;21.jan;8;3;11;7;1;1;0;0;0.38;0.14;0.52;0.33;0.47;Matches
541;Chris Wood;nz NZL;Nottingham Forest;33;1991;15;11;901;10.0;3;0;3;3;0;0;0;0;0.30;0.00;0.30;0.30;0.30;Matches
542;Freddie Woodman;eng ENG;Liverpool;28;1997;3;2;213;02.apr;0;0;0;0;0;0;0;0;0.00;0.00;0.00;0.00;0.00;Matches
543;Joe Worrall;eng ENG;Burnley;28;1997;11;5;500;05.jun;0;0;0;0;0;0;0;0;0.00;0.00;0.00;0.00;0.00;Matches
544;Granit Xhaka;ch SUI;Sunderland;32;1992;34;32;2,904;32.3;1;6;7;1;0;0;8;0;0.03;0.19;0.22;0.03;0.22;Matches
545;Yehor Yarmoliuk;ua UKR;Brentford;21;2004;37;30;2,659;29.mai;1;2;3;1;0;0;7;0;0.03;0.07;0.10;0.03;0.10;Matches
546;Ryan Yates;eng ENG;Nottingham Forest;27;1997;22;2;617;06.sep;0;2;2;0;0;0;3;0;0.00;0.29;0.29;0.00;0.29;Matches
547;Leny Yoro;fr FRA;Manchester Utd;19;2005;32;18;1,74;19.mar;0;0;0;0;0;0;1;0;0.00;0.00;0.00;0.00;0.00;Matches
548;Oleksandr Zinchenko;ua UKR;Nottingham Forest;28;1996;5;4;353;03.sep;0;0;0;0;0;0;0;0;0.00;0.00;0.00;0.00;0.00;Matches
549;Joshua Zirkzee;nl NED;Manchester Utd;24;2001;24;5;626;7.0;2;1;3;2;0;0;3;0;0.29;0.14;0.43;0.29;0.43;Matches
550;Martín Zubimendi;es ESP;Arsenal;26;1999;38;34;2,992;33.2;5;1;6;5;0;0;4;0;0.15;0.03;0.18;0.15;0.18;Matches
Rk;Player;Nation;Squad;Age;Born;MP;Starts;Min;90s;Gls;Ast;G+A;G-PK;PK;PKatt;CrdY;CrdR;Gls;Ast;G+A;G-PK;G+A-PK;Matches
551;Martin Ødegaard;no NOR;Arsenal;26;1998;24;16;1,369;15.feb;1;6;7;1;0;0;0;0;0.07;0.39;0.46;0.07;0.46;Matches
